price,area,yearbuilt,bathrooms,bedrooms,project name,street name
208500,8450,2003,2,3,ARDMORE II,ARDMORE PARK/ANDERSON ROAD
181500,9600,1976,2,3,ASTOR,LENGKONG EMPAT
223500,11250,2001,2,3,BEAUFORT ON NASSIM,NASSIM ROAD
140000,9550,1915,1,3,BLOSSOMS @ WOODLEIGH,WOODLEIGH CLOSE
250000,14260,2000,2,4,BLUWATERS 2,JALAN LOYANG BESAR
143000,14115,1993,1,1,BOTANNIA,WEST COAST PARK
307000,10084,2004,2,3,CARABELLE,WEST COAST WAY
200000,10382,1973,2,3,CASA MERAH,TANAH MERAH KECHIL AVENUE
129900,6120,1931,2,2,CENTURION RESIDENCES,PUAY HEE AVENUE
118000,7420,1939,1,2,CLIVEDEN AT GRANGE,GRANGE ROAD/JALAN ARNAP
129500,11200,1965,1,3,CUSCADEN ROYALE,ANGULLIA PARK
345000,11924,2005,3,4,D' PALMA,LORONG MYDIN
144000,12968,1962,1,2,DUCHESS RESIDENCES,DUCHESS AVENUE
279500,10652,2006,2,3,DUNSFOLD 18,DUNSFOLD DRIVE
157000,10920,1960,1,2,E-SPACE,LORONG K TELOK KURAU
132000,6120,1929,1,2,ESPA,CASHEW ROAD
149000,11241,1970,1,2,FERRARIA PARK CONDOMINIUM,FLORA DRIVE
90000,10791,1967,2,2,GARDENVISTA,DUNEARN ROAD
159000,13695,2004,1,3,KOVAN MELODY,KOVAN ROAD
139000,7560,1958,1,3,KOVANA,KOVAN ROAD
325300,14215,2005,3,4,LA CASA,WOODLANDS DRIVE 16
139400,7449,1930,1,3,LEONIE PARC VIEW,LEONIE HILL ROAD
230000,9742,2002,2,3,LUMIERE,MISTRI ROAD/PARSI ROAD
129900,4224,1976,1,3,MACKENZIE 88,MACKENZIE ROAD
154000,8246,1968,1,3,MARINA BAY RESIDENCES,MARINA BOULEVARD
256300,14230,2007,2,3,MEDALLION,BRADDELL ROAD
134800,7200,1951,1,3,ONE @ PULASAN,PULASAN ROAD/KOON SENG ROAD
306000,11478,2007,2,3,ONE LYNWOOD,LYNWOOD GROVE/BRADDELL ROAD
207500,16321,1957,1,2,ONE OXLEY RISE,OXLEY RISE
68500,6324,1927,1,1,ONE SHENTON,SHENTON WAY
40000,8500,1920,1,3,ONE ST MICHAEL'S,SERANGOON ROAD/ST. MICHAEL'S ROAD
149350,8544,1966,1,3,ONE-NORTH RESIDENCES,ONE NORTH GATEWAY
179900,11049,2007,2,3,ORANGE GROVE RESIDENCES,ORANGE GROVE ROAD
165500,10552,1959,1,4,ORCHARD SCOTTS,ANTHONY RD
277500,7313,2005,2,2,PALM VISTA,LORONG G TELOK KURAU
309000,13418,2004,3,4,PATERSON SUITES,PATERSON ROAD/LENGKOK ANGSA
145000,10859,1994,1,3,PRISTINE HEIGHTS,MERGUI ROAD
153000,8532,1954,1,3,REFLECTIONS AT KEPPEL BAY,KEPPEL BAY VIEW
109000,7922,1953,1,3,RESIDENCES @ SOMME,PETAIN ROAD
82000,6040,1955,2,2,RIVERGATE,MARTIN ROAD
160000,8658,1965,2,3,SIMS DORADO,LORONG 39 GEYLANG
170000,16905,1959,1,2,SKYPARK,ST THOMAS WALK
144000,9180,1983,1,2,ST REGIS RESIDENCES SINGAPORE,TANGLIN ROAD/TOMLINSON ROAD/CUSCADEN ROAD
130250,9200,1975,1,3,TANGERINE GROVE,PAYA LEBAR CRESCENT
141000,7945,1959,1,3,THE CENTRIO,IRRAWADDY ROAD
319900,7658,2005,2,2,THE CLIFT,MCCALLUM STREET
239686,12822,2003,1,1,THE ELEMENT @ STEVENS,STEVENS ROAD
249700,11096,2006,2,3,THE INFINITI,WEST COAST PARK
113000,4456,1920,2,2,THE LAKESHORE,BOON LAY WAY
127000,7742,1966,1,3,THE LINEAR,UPPER BUKIT TIMAH ROAD
177000,13869,1997,2,3,THE MARQUE @ IRRAWADDY,IRRAWADDY ROAD
114500,6240,1934,1,3,THE MINT RESIDENCES,JOO CHIAT TERRACE
110000,8472,1963,1,2,THE ORCHARD RESIDENCES,ORCHARD BOULEVARD
385000,50271,1981,0,0,THE QUINTET,CHOA CHU KANG STREET 64
130000,7134,1955,1,3,THE RAINTREE,HINDHEDE ROAD
180500,10175,1964,2,3,THE RIVERINE BY THE PARK,KALLANG ROAD
172500,2645,1999,2,3,THE SEAFRONT ON MEYER,MEYER ROAD
196500,11645,2004,2,3,THE SENSORIA,JALAN ULU SEMBAWANG
438780,13682,2006,3,3,THE SILVA GARDENS,DA SILVA LANE
124900,7200,1972,1,2,THE SPRINGSIDE,JALAN ULU SELETAR/SEMBAWANG ROAD
158000,13072,2004,1,3,THE STELLAR,WEST COAST ROAD
101000,7200,1920,1,3,THE SUITES AT CENTRAL,DEVONSHIRE ROAD
202500,6442,2006,2,2,THE TRILLIUM,KIM SENG ROAD
140000,10300,1921,2,3,TRIBECA,KIM SENG ROAD
219500,9375,1997,2,3,VIDA,PECK HAY ROAD
317000,9591,2004,2,4,WATERFORD RESIDENCE,KIM YAM ROAD
180000,19900,1970,2,3,8 NAPIER,NAPIER ROAD
226000,10665,2003,2,3,BLISS RESIDENCES,JALAN MASJID
80000,4608,1945,1,2,BLUWATERS 2,JALAN LOYANG BESAR
225000,15593,1953,2,3,BOTANNIA,WEST COAST PARK
244000,13651,1973,2,3,CARABELLE,WEST COAST WAY
129500,7599,1982,1,2,CHESTNUT RESIDENCES,JALAN PAKIS
185000,10141,1998,2,3,CITY REGENCY,ST. MICHAEL'S ROAD
144900,10200,1954,1,3,CLIVEDEN AT GRANGE,GRANGE ROAD/JALAN ARNAP
107400,5790,1915,2,3,COASTAL VIEW RESIDENCES,JALAN LOYANG BESAR
91000,1596,1973,1,2,CUSCADEN ROYALE,CUSCADEN WALK
135750,8475,1956,1,2,DUCHESS RESIDENCES,DUCHESS AVENUE
127000,8635,1948,1,2,DUNSFOLD 18,DUNSFOLD DRIVE
136500,10778,1968,2,4,FERRARIA PARK CONDOMINIUM,FLORA DRIVE
110000,10440,1910,1,2,FONTAINE PARRY,POH HUAT ROAD
193500,13000,1968,2,4,ICON,GOPENG STREET
153500,4500,1998,2,2,ILLOURA,OLD HOLLAND ROAD
245000,10206,2007,2,3,KOVAN MELODY,KOVAN ROAD
126500,8892,1960,1,3,KOVANA,KOVAN ROAD
168500,8530,1995,2,3,LA CASA,WOODLANDS DRIVE 16
260000,16059,1991,2,4,LEONIE PARC VIEW,LEONIE HILL ROAD
174000,11911,2005,2,3,LORNIE 18,LORNIE ROAD
164500,3951,2009,2,2,LUMA,RIVER VALLEY GROVE
85000,8470,1915,1,2,LUMIERE,MISTRI ROAD/PARSI ROAD
123600,8070,1994,1,3,MEDALLION,BRADDELL ROAD
109900,7200,1950,1,2,ONE @ PULASAN,PULASAN ROAD/KOON SENG ROAD
98600,8500,1961,1,2,ONE SHENTON,SHENTON WAY
163500,13360,1921,1,2,ORANGE GROVE RESIDENCES,ORANGE GROVE ROAD
133900,7200,1910,2,4,ORCHARD SCOTTS,ANTHONY RD
204750,9337,1997,2,3,PATERSON LINC,PATERSON ROAD
185000,9765,1993,2,3,PATERSON SUITES,PATERSON ROAD/LENGKOK ANGSA
214000,10264,1999,2,3,PRISTINE HEIGHTS,MERGUI ROAD
94750,10921,1965,1,3,REFLECTIONS AT KEPPEL BAY,KEPPEL BAY VIEW
83000,10625,1920,1,2,RESIDENCES @ SOMME,PETAIN ROAD
128950,9320,1959,1,3,RIVERIA GARDENS,RIVER VALLEY GROVE
205000,10603,1977,2,3,SCOTTS SQUARE,SCOTTS ROAD
178000,9206,1985,2,3,THE CENTRIO,IRRAWADDY ROAD
118964,7018,1979,2,4,THE CLIFT,MCCALLUM STREET
198900,10402,2009,2,3,THE ELEMENT @ STEVENS,STEVENS ROAD
169500,7758,1931,1,4,THE LAKESHORE,BOON LAY WAY
250000,9375,2003,2,3,THE LINEAR,UPPER BUKIT TIMAH ROAD
100000,10800,1885,1,2,THE LUMOS,LEONIE HILL
115000,6000,1948,1,2,THE ORCHARD RESIDENCES,ORCHARD BOULEVARD
115000,8500,1919,2,3,THE QUARTZ,COMPASSVALE BOW
190000,11751,1977,2,3,THE QUINTET,CHOA CHU KANG STREET 64
136900,9525,1954,2,4,THE RIVERINE BY THE PARK,KALLANG ROAD
180000,7750,2000,2,3,THE ROCHESTER,NORTH BUONA VISTA ROAD/ ROCHESTER PARK
383970,9965,2007,2,4,THE SEAFRONT ON MEYER,MEYER ROAD
217000,21000,1953,2,3,THE SILVA GARDENS,DA SILVA LANE
259500,7259,1945,2,3,THE SPRINGSIDE,JALAN ULU SELETAR/SEMBAWANG ROAD
176000,3230,1999,2,2,THE TRILLIUM,KIM SENG ROAD
139000,11616,1962,1,3,THE VIEW @ MEYER,MEYER ROAD
155000,8536,2006,1,2,VIDA,PECK HAY ROAD
320000,12376,1990,3,5,WATERFALL GARDENS,FARRER ROAD
163990,8461,2005,2,3,8 NAPIER,NAPIER ROAD
180000,21453,1969,1,1,AALTO,JALAN KECHIL
100000,6060,1939,1,3,BLUWATERS 2,JALAN LOYANG BESAR
136000,9464,1958,1,3,BOTANNIA,WEST COAST PARK
153900,7892,1993,2,2,COASTAL VIEW RESIDENCES,JALAN LOYANG BESAR
181000,17043,1979,2,3,DE CENTURION,TANJONG RHU ROAD
84500,6780,1935,1,2,DUNSFOLD 18,DUNSFOLD DRIVE
128000,4928,1976,2,2,ESTILO,WILKIE ROAD
87000,4388,1930,1,3,FERRARIA PARK CONDOMINIUM,FLORA DRIVE
155000,7590,1966,1,3,GARDENVISTA,DUNEARN ROAD
150000,8973,1958,1,3,ICON,GOPENG STREET
226000,14200,1966,2,4,ILLOURA,OLD HOLLAND ROAD
244000,12224,2000,2,3,LA CASA,WOODLANDS DRIVE 16
150750,7388,1959,1,3,LEONIE PARC VIEW,LEONIE HILL ROAD
220000,6853,2001,2,2,LUMIERE,MISTRI ROAD/PARSI ROAD
180000,10335,1968,2,3,M21,MANDALAY ROAD
174000,10400,1970,2,3,OASIS GARDEN,JALAN BUNGA RAMPAI
143000,10355,1967,2,3,ONE @ PULASAN,PULASAN ROAD/KOON SENG ROAD
171000,11070,1988,3,5,PATERSON LINC,PATERSON ROAD
230000,9066,1999,2,3,PATERSON SUITES,PATERSON ROAD/LENGKOK ANGSA
231500,15426,1997,2,3,PRISTINE HEIGHTS,MERGUI ROAD
115000,10500,1971,1,3,REFLECTIONS AT KEPPEL BAY,KEPPEL BAY VIEW
260000,11645,2005,2,3,RESIDENCES @ SOMME,PETAIN ROAD
166000,8520,1952,2,4,RIVERIA GARDENS,RIVER VALLEY GROVE
204000,10335,1999,2,3,SCOTTS SQUARE,SCOTTS ROAD
125000,9100,1963,2,6,SOLEIL @ SINARAN,SINARAN DRIVE
130000,2522,2004,2,3,SOMMERVILLE REGENCY,LORONG SELANGAT
105000,6120,1931,1,2,THE CASCADIA,BUKIT TIMAH ROAD
222500,9505,2001,2,3,THE CLIFT,MCCALLUM STREET
141000,7500,2004,1,3,THE LAKESHORE,BOON LAY WAY
115000,6240,1936,1,3,THE LINEAR,UPPER BUKIT TIMAH ROAD
122000,10356,1975,1,3,THE LUMOS,LEONIE HILL
372402,13891,2007,2,2,THE ORCHARD RESIDENCES,ORCHARD BOULEVARD
190000,14803,1971,2,4,THE PARC CONDOMINIUM,WEST COAST WALK
235000,13500,1960,1,1,THE QUARTZ,COMPASSVALE BOW
125000,11340,1923,1,4,THE QUINTET,CHOA CHU KANG STREET 64
79000,9600,1924,1,2,THE ROCHESTER,NORTH BUONA VISTA ROAD/ ROCHESTER PARK
109500,7200,1950,1,2,THE SEAFRONT ON MEYER,MEYER ROAD
269500,12003,2009,2,4,THE VIEW @ MEYER,MEYER ROAD
254900,12552,2004,2,3,VETRO,MAR THOMA ROAD
320000,19378,2005,2,4,VIDA,PECK HAY ROAD
162500,11120,1984,2,3,WATER TERRACE,LORONG AH SOO
412500,13688,2003,2,3,AALTO,JALAN KECHIL
220000,12182,2005,2,3,ASTOR,LENGKONG EMPAT
103200,5500,1956,1,1,BEAUFORT ON NASSIM,NASSIM ROAD
152000,5400,1926,2,3,BLUWATERS 2,JALAN LOYANG BESAR
127500,10106,1940,2,4,BOTANNIA,WEST COAST PARK
190000,10708,1955,1,2,COASTAL VIEW RESIDENCES,JALAN LOYANG BESAR
325624,10562,2007,1,3,DUCHESS RESIDENCES,DUCHESS AVENUE
183500,8244,2004,2,3,ESPA,CASHEW ROAD
228000,16669,1981,2,2,ESTILO,WILKIE ROAD
128500,12358,1941,1,2,FERRARIA PARK CONDOMINIUM,FLORA DRIVE
215000,31770,1960,1,3,GARDENVISTA,DUNEARN ROAD
239000,5306,1987,2,2,GRANGE INFINITE,GRANGE ROAD
163000,10197,1961,1,3,HILLCREST VILLA,HILLCREST ROAD
184000,12416,1986,2,3,HILLTOPS,CAIRNHILL CIRCLE
243000,12615,1950,2,4,ICON,GOPENG STREET
211000,10029,1988,2,4,ILLOURA,OLD HOLLAND ROAD
172500,13650,1958,2,4,KING'S 8,KING'S ROAD
501837,17423,2008,2,1,KOVANA,KOVAN ROAD
100000,8520,1923,1,2,LA CASA,WOODLANDS DRIVE 16
177000,2117,2000,2,3,MABELLE,LORONG M TELOK KURAU
200100,7588,1920,1,4,OASIS GARDEN,JALAN BUNGA RAMPAI
120000,9060,1957,1,3,ORCHARD SCOTTS,ANTHONY RD
200000,11426,2003,2,3,PRISTINE HEIGHTS,MERGUI ROAD
127000,7438,1908,1,3,REFLECTIONS AT KEPPEL BAY,KEPPEL BAY VIEW
475000,22950,1892,2,4,RIVERIA GARDENS,RIVER VALLEY GROVE
173000,9947,1990,2,3,SCOTTS SQUARE,SCOTTS ROAD
135000,10410,1916,2,3,SOLEIL @ SINARAN,SINARAN DRIVE
153337,7018,1979,0,2,THE BEACON EDGE,TEMBELING ROAD
286000,4923,2001,1,0,THE CLIFT,MCCALLUM STREET
315000,10570,1932,2,3,THE LAKESHORE,BOON LAY WAY
184000,7472,1972,1,4,THE ORANGE GROVE,STEVENS ROAD/ORANGE GROVE ROAD
192000,9017,1999,2,3,THE QUARTZ,COMPASSVALE BOW
130000,2522,2004,2,3,THE ROCHESTER,NORTH BUONA VISTA ROAD/ ROCHESTER PARK
127000,7180,1972,1,3,THE SEAFRONT ON MEYER,MEYER ROAD
148500,2280,1976,2,3,THE SPRINGSIDE,JALAN ULU SELETAR/SEMBAWANG ROAD
311872,9416,2007,2,3,THREE BUCKLEY,BUCKLEY ROAD
235000,25419,1918,2,4,TURQUOISE,COVE DRIVE (SENTOSA SOUTH COVE)
104000,5520,1912,1,5,VETRO,MAR THOMA ROAD
274900,9591,2004,2,3,8 @ STRATTON,STRATTON GREEN
140000,8546,2003,2,2,AALTO,JALAN KECHIL
171500,10125,1977,2,3,ASTOR,LENGKONG EMPAT
112000,7000,1924,2,2,BELLA VISTA,SOMMERVILLE ROAD
149000,4438,2004,1,1,BLUWATERS 2,JALAN LOYANG BESAR
110000,3500,1947,1,2,BOTANNIA,WEST COAST PARK
180500,11851,1990,2,3,BOULEVARD VUE,ANGULLIA PARK
143900,13673,1962,1,3,CHESTNUT RESIDENCES,JALAN PAKIS
141000,12493,1960,1,3,CLIVEDEN AT GRANGE,GRANGE ROAD/JALAN ARNAP
277000,14364,1988,2,3,COASTAL VIEW RESIDENCES,JALAN LOYANG BESAR
145000,8250,1964,1,3,DE CENTURION,TANJONG RHU ROAD
98000,5604,1925,1,2,DUNSFOLD 18,DUNSFOLD DRIVE
186000,10420,2009,2,3,ESTA RUBY,GUILLEMARD ROAD
252678,8640,2009,2,3,ESTILO,WILKIE ROAD
156000,13568,1995,1,3,HILLCREST VILLA,HILLCREST ROAD
161750,10900,1977,1,3,HILLTOPS,CAIRNHILL CIRCLE
134450,10011,1957,1,2,ICON,GOPENG STREET
210000,8450,2004,2,3,KING'S 8,KING'S ROAD
107000,9906,1925,1,3,KOVANA,KOVAN ROAD
311500,15660,1939,1,3,LA CASA,WOODLANDS DRIVE 16
167240,3010,2005,2,2,LEONIE PARC VIEW,LEONIE HILL ROAD
204900,8990,2006,2,2,MABELLE,LORONG M TELOK KURAU
200000,8068,2002,2,4,OASIS GARDEN,JALAN BUNGA RAMPAI
179900,11475,1975,2,3,ONE SHENTON,SHENTON WAY
97000,10500,1971,1,2,ORCHARD SCOTTS,ANTHONY RD
386250,13472,2003,2,3,PARK NATURA,BUKIT BATOK EAST AVENUE 6
112000,1680,1971,2,3,REFLECTIONS AT KEPPEL BAY,KEPPEL BAY VIEW
290000,9950,1995,2,4,RESIDENCES @ SOMME,PETAIN ROAD
106000,1869,1970,1,2,RESIDENTIAL APARTMENTS,NASSIM HILL
125000,8521,1967,1,3,SCOTTS SQUARE,SCOTTS ROAD
192500,3182,2005,2,2,SERAYA 9,SERAYA LANE
148000,8760,1959,1,3,SOLEIL @ SINARAN,SINARAN DRIVE
403000,15138,1995,2,4,SUI GENERIS,BALMORAL CRESCENT
94500,1680,1972,1,2,THE BEACON EDGE,TEMBELING ROAD
128200,10650,1976,1,3,THE CASCADIA,BUKIT TIMAH ROAD
216500,7851,2002,2,4,THE CLIFT,MCCALLUM STREET
89500,1680,1971,1,2,THE LAKESHORE,BOON LAY WAY
185500,8773,2004,2,3,THE ORCHARD RESIDENCES,ORCHARD BOULEVARD
194500,9453,1993,2,3,THE QUARTZ,COMPASSVALE BOW
318000,12030,2007,2,3,THE ROCHESTER,NORTH BUONA VISTA ROAD/ ROCHESTER PARK
113000,8741,1945,1,3,THE SEAFRONT ON MEYER,MEYER ROAD
262500,9000,2008,2,3,THE SPRINGSIDE,JALAN ULU SELETAR/SEMBAWANG ROAD
110500,3880,1945,1,2,TURQUOISE,COVE DRIVE (SENTOSA SOUTH COVE)
79000,5000,1900,1,3,VETRO,MAR THOMA ROAD
120000,10762,1980,1,3,WEST-N,PASIR PANJANG ROAD
205000,8880,1994,2,3,8 NAPIER,NAPIER ROAD
241500,10400,1988,2,3,AALTO,JALAN KECHIL
137000,9142,1910,2,4,AMBER RESIDENCES,AMBER ROAD
140000,11310,1954,1,2,ASTOR,LENGKONG EMPAT
180000,11317,2003,2,3,BELLA VISTA,SOMMERVILLE ROAD
277000,159000,1958,2,4,BLISS RESIDENCES,JALAN MASJID
76500,5350,1940,1,3,BLUWATERS 2,JALAN LOYANG BESAR
235000,4750,2006,2,2,BOTANNIA,WEST COAST PARK
173000,8366,2004,2,3,CASA FORTUNA,AH HOOD ROAD/JALAN RAJAH
158000,9350,1964,2,3,CHESTNUT RESIDENCES,JALAN PAKIS
145000,8400,1957,1,3,CLIVEDEN AT GRANGE,GRANGE ROAD/JALAN ARNAP
230000,8738,1999,2,4,COASTAL VIEW RESIDENCES,JALAN LOYANG BESAR
207500,8791,2003,2,3,DE CENTURION,TANJONG RHU ROAD
220000,8814,2006,2,3,DUNSFOLD 18,DUNSFOLD DRIVE
231500,12435,2001,2,3,ESTA RUBY,GUILLEMARD ROAD
97000,12702,1956,1,2,ESTILO,WILKIE ROAD
176000,19296,1962,1,3,FONTAINE PARRY,POH HUAT ROAD
276000,9588,2007,2,3,GARDENVISTA,DUNEARN ROAD
151000,8471,1977,1,3,HILLTOPS,CAIRNHILL CIRCLE
130000,5500,1929,1,3,HILLVISTA,ELIZABETH DRIVE
73000,5232,1925,1,2,ICON,GOPENG STREET
175500,12090,1981,2,3,JARDIN,DUNEARN ROAD
185000,11207,1997,2,3,JLB RESIDENCES,JALAN LOYANG BESAR
179500,8400,1939,2,4,KING'S 8,KING'S ROAD
120500,6900,1940,1,2,LA CASA,WOODLANDS DRIVE 16
148000,7917,1976,1,3,LORNIE 18,LORNIE ROAD
266000,10728,2006,2,3,LUMIERE,MISTRI ROAD/PARSI ROAD
241500,39104,1954,1,2,MABELLE,LORONG M TELOK KURAU
290000,11764,1999,2,4,OASIS GARDEN,JALAN BUNGA RAMPAI
139000,9600,1958,2,3,ONE SHENTON,SHENTON WAY
124500,8314,1982,1,2,PARK NATURA,BUKIT BATOK EAST AVENUE 6
205000,7264,1925,2,3,PATERSON SUITES,PATERSON ROAD/LENGKOK ANGSA
201000,9196,2003,2,3,REFLECTIONS AT KEPPEL BAY,KEPPEL BAY VIEW
141000,19138,1951,1,2,SCOTTS SQUARE,SCOTTS ROAD
415298,14450,2006,2,3,SERAYA 9,SERAYA LANE
192000,10005,1977,2,4,SOLEIL @ SINARAN,SINARAN DRIVE
228500,11287,1989,2,3,SUI GENERIS,BALMORAL CRESCENT
185000,7200,2006,2,2,THE BEACON EDGE,TEMBELING ROAD
207500,5063,2007,2,2,THE LAKESHORE,BOON LAY WAY
244600,9612,2008,2,3,THE LINEAR,UPPER BUKIT TIMAH ROAD
179200,8012,1992,2,2,THE QUARTZ,COMPASSVALE BOW
164700,4251,2006,2,2,THE RITZ-CARLTON RESIDENCES SINGAPORE CAIRNHILL,CAIRNHILL ROAD
159000,9786,1962,1,3,THE ROCHESTER,NORTH BUONA VISTA ROAD/ ROCHESTER PARK
88000,8125,1971,1,3,THE SEAFRONT ON MEYER,MEYER ROAD
122000,9819,1967,1,3,THE THOMSON DUPLEX,THOMSON ROAD
153575,8730,1915,1,3,WEST-N,PASIR PANJANG ROAD
233230,15611,2006,2,3,AMBER RESIDENCES,AMBER ROAD
135900,5687,1912,2,6,BOTANNIA,WEST COAST PARK
131000,11409,1949,1,3,CELESTIA,JOO CHIAT TERRACE
235000,16659,1977,2,3,CITY REGENCY,ST. MICHAEL'S ROAD
167000,9600,1953,1,3,COASTAL VIEW RESIDENCES,JALAN LOYANG BESAR
142500,7937,1984,1,3,DE CENTURION,TANJONG RHU ROAD
152000,13710,1950,1,4,ESPA,CASHEW ROAD
239000,7399,1997,2,3,ESTA RUBY,GUILLEMARD ROAD
175000,11700,1968,1,3,FERRARIA PARK CONDOMINIUM,FLORA DRIVE
158500,14000,1950,1,3,FONTAINE PARRY,POH HUAT ROAD
157000,15750,1953,1,2,GARDENVISTA,DUNEARN ROAD
267000,16226,1998,2,4,GOODWOOD RESIDENCE,BUKIT TIMAH ROAD
205000,13704,2001,2,3,HILLVISTA,ELIZABETH DRIVE
149900,9800,1972,1,3,ICON,GOPENG STREET
295000,18386,1880,3,3,JARDIN,DUNEARN ROAD
305900,10386,2004,2,3,LA CASA,WOODLANDS DRIVE 16
225000,13474,1990,2,4,MARINA COLLECTION,COVE DRIVE/COVE WAY
89500,7920,1920,1,3,OASIS GARDEN,JALAN BUNGA RAMPAI
82500,12342,1940,1,1,ORCHARD SCOTTS,ANTHONY RD
360000,12378,2003,2,3,PARK NATURA,BUKIT BATOK EAST AVENUE 6
165600,7685,1993,2,3,REFLECTIONS AT KEPPEL BAY,KEPPEL BAY VIEW
132000,8000,1948,1,2,RESIDENCE 66,TELOK KURAU ROAD
119900,7800,1939,1,3,SCOTTS SQUARE,SCOTTS ROAD
375000,215245,1965,2,3,SERAYA 9,SERAYA LANE
178000,9600,1925,1,3,SOLEIL @ SINARAN,SINARAN DRIVE
188500,7795,2004,2,3,THE BEACON EDGE,TEMBELING ROAD
260000,13005,1980,2,4,THE CASCADIA,BUKIT TIMAH ROAD
270000,9000,2006,2,3,THE CLIFT,MCCALLUM STREET
260000,9900,1993,2,4,THE LAKESHORE,BOON LAY WAY
187500,14115,1980,2,3,THE LINEAR,UPPER BUKIT TIMAH ROAD
342643,16259,2006,3,4,THE QUARTZ,COMPASSVALE BOW
354000,12099,2004,2,4,THE RITZ-CARLTON RESIDENCES SINGAPORE CAIRNHILL,CAIRNHILL ROAD
301000,10380,1986,2,4,THE ROCHESTER,NORTH BUONA VISTA ROAD/ ROCHESTER PARK
126175,5820,1955,1,3,THE SEAFRONT ON MEYER,MEYER ROAD
242000,11275,1967,2,5,THE SPRINGSIDE,JALAN ULU SELETAR/SEMBAWANG ROAD
87000,5000,1941,1,2,WEST-N,PASIR PANJANG ROAD
324000,10846,1993,1,1,ZENITH,ZION ROAD
145250,11600,1960,1,3,AALTO,JALAN KECHIL
214500,11888,1916,2,5,AMBER RESIDENCES,AMBER ROAD
78000,6402,1920,1,3,BOTANNIA,WEST COAST PARK
119000,10624,1964,2,6,CALLIDORA VILLE,LORONG N TELOK KURAU
139000,8176,1958,1,3,CASA MEYA,MEYAPPA CHETTIAR ROAD
284000,10655,2003,2,3,CELESTIA,JOO CHIAT TERRACE
207000,8198,2004,2,2,COASTAL VIEW RESIDENCES,JALAN LOYANG BESAR
192000,9042,1998,2,3,ESTILO,WILKIE ROAD
228950,164660,1965,2,3,GRANGE INFINITE,GRANGE ROAD
377426,14157,2005,2,3,HILLTOPS,CAIRNHILL CIRCLE
214000,9135,2002,2,3,HILLVISTA,ELIZABETH DRIVE
202500,14145,1984,2,3,ICON,GOPENG STREET
155000,12400,1958,1,3,JARDIN,DUNEARN ROAD
202900,14191,2002,2,4,KOVANA,KOVAN ROAD
82000,8400,1950,1,2,LA CASA,WOODLANDS DRIVE 16
87500,8544,1949,2,2,MABELLE,LORONG M TELOK KURAU
266000,8849,2005,2,2,MARINA COLLECTION,COVE DRIVE/COVE WAY
85000,2592,1976,1,3,MARTIN PLACE RESIDENCES,MARTIN PLACE
140200,6435,1939,1,3,MOUNT SOPHIA SUITES,SOPHIA ROAD
151500,12772,1960,1,2,ONE @ PULASAN,PULASAN ROAD/KOON SENG ROAD
157500,17600,1960,2,3,PARC MACKENZIE,MACKENZIE ROAD
154000,2448,2003,2,2,PARK NATURA,BUKIT BATOK EAST AVENUE 6
437154,20431,2005,2,4,REFLECTIONS AT KEPPEL BAY,KEPPEL BAY VIEW
318061,7820,2007,2,2,RESIDENCE 66,TELOK KURAU ROAD
190000,5271,1986,1,2,RESIDENCES @ SOMME,PETAIN ROAD
95000,9084,1941,1,3,SCOTTS SQUARE,SCOTTS ROAD
105900,8520,1928,1,2,SERAYA 9,SERAYA LANE
140000,8400,1940,1,2,THE BEACON EDGE,TEMBELING ROAD
177500,11249,1995,2,3,THE CASCADIA,BUKIT TIMAH ROAD
173000,9248,1992,2,3,THE LAKESHORE,BOON LAY WAY
134000,4224,1976,1,3,THE LINEAR,UPPER BUKIT TIMAH ROAD
130000,6930,1958,1,3,THE PARC CONDOMINIUM,WEST COAST WALK
280000,12011,1998,2,3,THE QUARTZ,COMPASSVALE BOW
156000,7540,1978,1,2,THE ROCHESTER,NORTH BUONA VISTA ROAD/ ROCHESTER PARK
145000,9144,1940,1,3,THE SEAFRONT ON MEYER,MEYER ROAD
198500,7301,2003,3,4,TURQUOISE,COVE DRIVE (SENTOSA SOUTH COVE)
118000,1680,1972,1,2,WATERFRONT WAVES,BEDOK RESERVOIR ROAD
190000,18800,1976,2,3,WEST-N,PASIR PANJANG ROAD
147000,10690,1920,1,3,WILKIE 80,WILKIE ROAD
159000,9500,1963,1,3,ZENITH,ZION ROAD
165000,9150,1962,1,3,AALTO,JALAN KECHIL
132000,7800,1954,1,2,BLU CORAL,LORONG L TELOK KURAU
162000,9830,1959,1,3,CASA MEYA,MEYAPPA CHETTIAR ROAD
172400,8121,2000,2,3,CELESTIA,JOO CHIAT TERRACE
134432,17120,1959,2,4,CLIVEDEN AT GRANGE,GRANGE ROAD/JALAN ARNAP
125000,7175,1984,1,2,COASTAL VIEW RESIDENCES,JALAN LOYANG BESAR
123000,10634,1953,1,3,COSMO,GUILLEMARD CRESCENT
219500,8200,2003,2,4,DE CENTURION,TANJONG RHU ROAD
61000,10020,1922,0,1,ESTA RUBY,GUILLEMARD ROAD
148000,8846,1996,1,2,HARMONY @ 1A,LIM AH PIN ROAD
340000,11143,2004,3,4,ICON,GOPENG STREET
394432,11394,2010,1,1,LA CASA,WOODLANDS DRIVE 16
179000,8123,2000,2,3,MABELLE,LORONG M TELOK KURAU
127000,5000,1924,2,3,MARINA COLLECTION,COVE DRIVE/COVE WAY
187750,7200,2006,2,2,MARTIN PLACE RESIDENCES,MARTIN PLACE
213500,9245,2006,2,3,MOUNT SOPHIA SUITES,SOPHIA ROAD
76000,9000,1928,1,2,PARK NATURA,BUKIT BATOK EAST AVENUE 6
240000,53107,1992,2,3,REFLECTIONS AT KEPPEL BAY,KEPPEL BAY VIEW
192000,3182,2004,2,2,RESIDENCE 66,TELOK KURAU ROAD
81000,8410,1910,1,5,SCOTTS SQUARE,SCOTTS ROAD
125000,7200,1976,1,3,SERAYA 9,SERAYA LANE
191000,9382,1999,2,3,SOLEIL @ SINARAN,SINARAN DRIVE
426000,12474,2007,2,3,THE ADARA,CHAPEL ROAD
119000,8405,1900,1,4,THE LAKESHORE,BOON LAY WAY
215000,12209,2001,2,3,THE ORANGE GROVE,STEVENS ROAD/ORANGE GROVE ROAD
106500,8339,1959,1,3,THE RITZ-CARLTON RESIDENCES SINGAPORE CAIRNHILL,CAIRNHILL ROAD
100000,7446,1941,1,2,WATERFRONT WAVES,BEDOK RESERVOIR ROAD
109000,10134,1940,1,2,WILKIE 80,WILKIE ROAD
129000,9571,1956,1,3,ZENITH,ZION ROAD
123000,7200,1972,1,2,8 RODYK,RODYK STREET
169500,7590,1962,2,4,BLU CORAL,LORONG L TELOK KURAU
67000,8967,1920,1,2,BLUWATERS 2,JALAN LOYANG BESAR
241000,8125,2006,2,2,BOTANNIA,WEST COAST PARK
245500,14963,1996,1,1,CELESTIA,JOO CHIAT TERRACE
164990,8767,2005,2,3,CITY REGENCY,ST. MICHAEL'S ROAD
108000,10200,1940,1,2,COSMO,GUILLEMARD CRESCENT
258000,12090,1998,2,4,DE CENTURION,TANJONG RHU ROAD
168000,10364,1995,2,3,FONTAINE PARRY,POH HUAT ROAD
150000,9991,1976,2,3,GARDENVISTA,DUNEARN ROAD
115000,10480,1936,1,3,GRANGE INFINITE,GRANGE ROAD
177000,15576,1915,2,4,HARMONY @ 1A,LIM AH PIN ROAD
280000,14154,2006,2,3,HILLVISTA,ELIZABETH DRIVE
339750,10800,2007,2,3,LA CASA,WOODLANDS DRIVE 16
60000,9571,1958,1,3,LANGE 28,LANGE ROAD
145000,34650,1955,1,3,LATITUDE,JALAN MUTIARA
222000,4403,2009,2,2,LUMA,RIVER VALLEY GROVE
115000,8960,1927,1,2,MABELLE,LORONG M TELOK KURAU
228000,11228,1993,2,3,MARINA COLLECTION,COVE DRIVE/COVE WAY
181134,8899,2007,2,3,MARTIN PLACE RESIDENCES,MARTIN PLACE
149500,7844,1978,1,3,MOUNT SOPHIA SUITES,SOPHIA ROAD
239000,22420,1918,2,4,PARK NATURA,BUKIT BATOK EAST AVENUE 6
126000,8160,1940,1,3,SCOTTS SQUARE,SCOTTS ROAD
142000,8450,1968,1,3,SOLEIL @ SINARAN,SINARAN DRIVE
206300,7060,1997,2,2,SUITES @ OWEN,OWEN ROAD
215000,16635,1977,2,3,THE ADARA,CHAPEL ROAD
113000,21750,1954,1,2,THE AMBROSIA,LORONG N TELOK KURAU/EAST COAST ROAD
315000,9200,1998,2,4,THE LAKESHORE,BOON LAY WAY
139000,9000,1956,1,2,THE LINEAR,UPPER BUKIT TIMAH ROAD
135000,3378,1946,1,3,THE MARQUE @ IRRAWADDY,IRRAWADDY ROAD
275000,12800,1989,2,2,THE QUARTZ,COMPASSVALE BOW
109008,8593,1957,1,3,THE ROCHESTER,NORTH BUONA VISTA ROAD/ ROCHESTER PARK
195400,6762,2007,2,2,THE SEAFRONT ON MEYER,MEYER ROAD
175000,11457,1988,2,3,THE SPRINGSIDE,JALAN ULU SELETAR/SEMBAWANG ROAD
85400,1680,1971,1,2,THE TRESOR,DUCHESS ROAD
79900,5586,1920,1,4,THE VERVE,JALAN RAJAH
122500,1920,1971,1,2,VIDA,PECK HAY ROAD
181000,10839,1997,2,3,WATERFRONT WAVES,BEDOK RESERVOIR ROAD
81000,1890,1972,1,1,ZENITH,ZION ROAD
212000,10667,1996,2,3,AALTO,JALAN KECHIL
116000,4400,1920,1,2,ASTON RESIDENCE,JALAN LOYANG BESAR
119000,6000,1926,1,2,BLU CORAL,LORONG L TELOK KURAU
90350,4280,1913,1,2,BLUWATERS 2,JALAN LOYANG BESAR
110000,12354,1920,1,3,BREEZE BY THE EAST,UPPER EAST COAST ROAD
555000,15431,2008,2,2,CALLIDORA VILLE,LORONG N TELOK KURAU
118000,12108,1955,2,4,CASA MEYA,MEYAPPA CHETTIAR ROAD
162900,6240,1930,2,3,CELESTIA,JOO CHIAT TERRACE
172500,3922,2006,2,2,DE CENTURION,TANJONG RHU ROAD
210000,8750,1994,2,4,HILLVISTA,ELIZABETH DRIVE
127500,9855,1956,1,3,IDYLLIC EAST,UPPER EAST COAST ROAD
190000,16492,1966,2,2,KENT RESIDENCES,KENT ROAD
199900,11214,1998,2,4,KIARA TEN,LORONG MARZUKI
119500,8600,1937,2,3,LA CASA,WOODLANDS DRIVE 16
120000,6000,1948,1,2,LANGE 28,LANGE ROAD
110000,5684,1930,1,2,MABELLE,LORONG M TELOK KURAU
280000,70761,1975,2,2,MARINA COLLECTION,COVE DRIVE/COVE WAY
204000,9303,1996,2,3,MARTIN PLACE RESIDENCES,MARTIN PLACE
210000,9000,2008,2,3,ORCHARD SCOTTS,ANTHONY RD
188000,9297,1976,2,4,PARC CENTENNIAL,KAMPONG JAVA ROAD
175500,9600,1973,1,3,PARC MACKENZIE,MACKENZIE ROAD
98000,4571,1916,1,4,PARK NATURA,BUKIT BATOK EAST AVENUE 6
256000,53227,1954,1,2,REFLECTIONS AT KEPPEL BAY,KEPPEL BAY VIEW
161000,5100,1925,1,3,RESIDENCE 66,TELOK KURAU ROAD
110000,7015,1950,1,3,SCOTTS SQUARE,SCOTTS ROAD
263435,8004,2009,2,3,SKYPARK,ST THOMAS WALK
155000,7200,1936,1,3,SOLEIL @ SINARAN,SINARAN DRIVE
62383,8281,1965,1,3,STADIA,YIO CHU KANG ROAD
188700,11988,1934,1,3,THE ADARA,CHAPEL ROAD
124000,8430,1978,2,3,THE AMBROSIA,LORONG N TELOK KURAU/EAST COAST ROAD
178740,3072,2004,2,2,THE LAKESHORE,JURONG WEST STREET 41
167000,10628,1970,1,2,THE QUARTZ,COMPASSVALE BOW
146500,9480,1942,1,3,THE ROCHESTER,NORTH BUONA VISTA ROAD/ ROCHESTER PARK
250000,11428,2006,2,3,THE VERTE,LORONG H TELOK KURAU
187000,9291,1993,2,3,THE VERVE,JALAN RAJAH
212000,6820,1985,1,1,WATERFRONT WAVES,BEDOK RESERVOIR ROAD
190000,11952,1977,2,3,WEST-N,PASIR PANJANG ROAD
148000,3675,2005,1,2,ZENITH,ZION ROAD
440000,14977,2006,2,2,8 RODYK,RODYK STREET
251000,5330,2000,2,2,AALTO,JALAN KECHIL
132500,8480,1963,1,2,AMBER RESIDENCES,AMBER ROAD
208900,13125,1997,2,3,ASTON RESIDENCE,JALAN LOYANG BESAR
380000,13693,2006,2,3,BLU CORAL,LORONG L TELOK KURAU
297000,10637,2007,2,3,BLUWATERS 2,JALAN LOYANG BESAR
89471,5925,1937,1,2,BOULEVARD VUE,ANGULLIA PARK
326000,16033,2004,2,3,BREEZE BY THE EAST,UPPER EAST COAST ROAD
374000,11846,2003,2,2,CALLIDORA VILLE,LORONG N TELOK KURAU
155000,2500,1915,1,4,CELESTIA,JOO CHIAT TERRACE
164000,4500,1998,2,2,CHARLTON VILLAS,CHARLTON LANE
132500,7758,1962,1,3,CRYSTAL HEIGHTS,PASIR PANJANG HILL
147000,9600,1950,1,3,D' FRESCO,JOO CHIAT LANE
156000,10289,1965,1,3,DE CENTURION,TANJONG RHU ROAD
175000,12243,1971,2,3,HARMONY @ 1A,LIM AH PIN ROAD
160000,10800,1900,2,3,HILLVISTA,ELIZABETH DRIVE
86000,1526,1970,1,1,ICON,GOPENG STREET
115000,2665,1976,1,3,IDYLLIC EAST,UPPER EAST COAST ROAD
133000,9490,1941,1,3,IVORY,ONAN ROAD
172785,15578,2006,2,3,KENT RESIDENCES,KENT ROAD
155000,7931,1960,1,3,KIARA TEN,LORONG MARZUKI
91300,5784,1938,1,2,LANGE 28,LANGE ROAD
34900,7879,1920,1,2,MARINA COLLECTION,COVE DRIVE/COVE WAY
430000,12692,1992,3,4,MOUNT SOPHIA SUITES,SOPHIA ROAD
184000,9120,1925,2,4,NASSIM PARK RESIDENCES,NASSIM ROAD
130000,7800,1967,1,3,OASIS GARDEN,JALAN BUNGA RAMPAI
120000,7535,1958,1,2,ORCHARD SCOTTS,ANTHONY RD
113000,1890,1973,1,3,PARC CENTENNIAL,KAMPONG JAVA ROAD
226700,9803,2005,2,3,SCOTTS SQUARE,SCOTTS ROAD
140000,9170,1965,1,2,SKYPARK,ST THOMAS WALK
289000,15602,1959,2,1,STADIA,YIO CHU KANG ROAD
147000,2308,1974,2,3,THE AMBROSIA,LORONG N TELOK KURAU/EAST COAST ROAD
124500,7596,1952,2,4,THE LAKESHORE,JURONG WEST STREET 41
215000,9554,1993,2,3,THE LINEAR,UPPER BUKIT TIMAH ROAD
208300,7862,2009,2,2,THE MARQUE @ IRRAWADDY,IRRAWADDY ROAD
161000,9600,1928,2,3,THE ORANGE GROVE,STEVENS ROAD/ORANGE GROVE ROAD
124500,9600,1959,1,3,THE PARC CONDOMINIUM,WEST COAST WALK
164900,14559,1951,1,2,THE QUARTZ,COMPASSVALE BOW
202665,6792,2005,2,2,THE ROCHESTER,NORTH BUONA VISTA ROAD/ ROCHESTER PARK
129900,9100,1958,1,3,THE SEAFRONT ON MEYER,MEYER ROAD
134000,9187,1983,1,3,THE SPRINGSIDE,JALAN ULU SELETAR/SEMBAWANG ROAD
96500,10594,1926,1,2,THE VERTE,LORONG H TELOK KURAU
402861,12220,2009,2,3,THE VERVE,JALAN RAJAH
158000,10448,1972,2,3,WATERFRONT WAVES,BEDOK RESERVOIR ROAD
265000,10208,1996,2,3,ZEDGE,AKYAB ROAD
211000,9531,1998,2,3,ZENITH,ZION ROAD
234000,10918,1926,1,3,8 RODYK,RODYK STREET
106250,10800,1900,2,3,ASTON RESIDENCE,JALAN LOYANG BESAR
150000,11988,1957,1,3,BLU CORAL,LORONG L TELOK KURAU
159000,5000,1947,2,3,BLUWATERS 2,JALAN LOYANG BESAR
184750,40094,2007,3,3,BREEZE BY THE EAST,UPPER EAST COAST ROAD
315750,11787,1996,2,3,CELESTIA,JOO CHIAT TERRACE
176000,7500,2005,2,3,CHARLTON VILLAS,CHARLTON LANE
132000,13300,1956,1,2,CHATEAU LA SALLE,LA SALLE STREET
446261,14948,2008,2,3,CLOVER BY THE PARK,BISHAN STREET 22
86000,9098,1920,1,2,CRYSTAL HEIGHTS,PASIR PANJANG HILL
200624,32668,1957,3,4,D' FRESCO,JOO CHIAT LANE
175000,10200,1988,2,3,DAKOTA RESIDENCES,DAKOTA CRESCENT
128000,6155,1920,2,3,DE CENTURION,TANJONG RHU ROAD
107500,7200,1955,1,2,FERRARIA PARK CONDOMINIUM,FLORA DRIVE
39300,5000,1946,1,1,GOODWOOD RESIDENCE,BUKIT TIMAH ROAD
178000,9056,2004,2,3,HARMONY @ 1A,LIM AH PIN ROAD
107500,7000,1910,1,3,HILLVISTA,ELIZABETH DRIVE
188000,8924,1998,2,3,IDYLLIC EAST,UPPER EAST COAST ROAD
111250,12735,1972,1,3,IVORY,ONAN ROAD
158000,11553,1968,1,3,JIA,WILKIE ROAD
272000,11423,2001,2,3,KENT RESIDENCES,KENT ROAD
315000,14601,2006,2,2,KIARA TEN,LORONG MARZUKI
248000,11000,2000,2,4,KOVAN RESIDENCES,KOVAN ROAD
213250,10140,1998,2,3,MOUNT SOPHIA SUITES,SOPHIA ROAD
133000,4058,1998,1,1,NASSIM PARK RESIDENCES,NASSIM ROAD
179665,17104,2006,2,3,OASIS GARDEN,JALAN BUNGA RAMPAI
229000,13837,1988,2,4,ORCHARD SCOTTS,ANTHONY RD
210000,8737,1923,1,3,PARC CENTENNIAL,KAMPONG JAVA ROAD
129500,7244,1970,1,2,PARC SOPHIA,ADIS ROAD
125000,8235,1955,1,2,PARK NATURA,BUKIT BATOK EAST AVENUE 6
263000,9375,2003,2,4,REFLECTIONS AT KEPPEL BAY,KEPPEL BAY VIEW
140000,4043,1977,2,2,SOLEIL @ SINARAN,SINARAN DRIVE
112500,6000,1957,1,3,SUITES 123,RANGOON ROAD
255500,11146,2006,2,3,THE ADARA,CHAPEL ROAD
108000,8777,1949,2,2,THE AMBROSIA,LORONG N TELOK KURAU/EAST COAST ROAD
284000,10625,2003,2,3,THE AMERY,LORONG K TELOK KURAU
113000,6380,1922,1,2,THE LAKESHORE,JURONG WEST STREET 41
141000,14850,1957,1,2,THE QUARTZ,COMPASSVALE BOW
108000,11040,1920,1,3,THE ROCHESTER,NORTH BUONA VISTA ROAD/ ROCHESTER PARK
175000,21872,1996,2,3,THE SILVA GARDENS,DA SILVA LANE
234000,3196,2003,2,2,THE VERVE,JALAN RAJAH
121500,11341,1957,1,3,WATERFRONT WAVES,BEDOK RESERVOIR ROAD
170000,10010,1974,1,2,ZEDGE,AKYAB ROAD
108000,13907,1940,1,3,ZENITH,ZION ROAD
185000,21780,1918,2,4,2 BELMONT,BELMONT ROAD
268000,13346,1992,2,4,ASTON RESIDENCE,JALAN LOYANG BESAR
128000,6858,1915,1,4,BEACON HEIGHTS,ST MICHAEL'S ROAD/MAR THOMA ROAD
325000,11198,2005,2,4,BLISS RESIDENCES,JALAN MASJID
214000,10171,2004,2,3,BLU CORAL,LORONG L TELOK KURAU
316600,12327,1983,1,1,BREEZE BY THE EAST,UPPER EAST COAST ROAD
135960,7032,1979,1,2,CELESTIA,JOO CHIAT TERRACE
142600,13101,1965,2,6,CHARLTON VILLAS,CHARLTON LANE
120000,7332,1959,1,2,CITY REGENCY,ST. MICHAEL'S ROAD
224500,13159,2009,2,3,CLOVER BY THE PARK,BISHAN STREET 22
170000,9967,2000,2,3,DAKOTA RESIDENCES,DAKOTA CRESCENT
139000,10500,1971,1,3,FERRARIA PARK CONDOMINIUM,FLORA DRIVE
118500,8480,1947,1,2,HAMILTON SCOTTS,SCOTTS ROAD
145000,6292,1928,2,3,HARMONY @ 1A,LIM AH PIN ROAD
164500,11777,1966,1,3,HILLVISTA,ELIZABETH DRIVE
146000,3604,2007,2,2,ICON,GOPENG STREET
131500,12150,1954,2,4,IDYLLIC EAST,UPPER EAST COAST ROAD
181900,14585,1960,1,3,IVORY,ONAN ROAD
253293,12704,2008,2,3,JIA,WILKIE ROAD
118500,11841,1990,1,3,JUBILEE RESIDENCE,PASIR PANJANG ROAD
325000,13500,1893,3,3,KIARA TEN,LORONG MARZUKI
133000,6120,1935,1,3,KOVAN RESIDENCES,KOVAN ROAD
369900,11443,2005,2,2,LANGE 28,LANGE ROAD
130000,10267,1918,1,2,LIVIA,PASIR RIS DRIVE 1 (PARCEL 1)
137000,8740,1982,1,2,MARTIN PLACE RESIDENCES,MARTIN PLACE
143000,25095,1968,1,1,NASSIM PARK RESIDENCES,NASSIM ROAD
79500,9100,1930,1,2,NATURALIS,LORONG M TELOK KURAU
185900,8320,2004,2,3,OASIS GARDEN,JALAN BUNGA RAMPAI
451950,13478,2008,2,3,ORCHARD SCOTTS,ANTHONY RD
138000,6600,1982,1,2,PARC SOPHIA,ADIS ROAD
140000,4435,2003,1,1,PARK NATURA,BUKIT BATOK EAST AVENUE 6
110000,7990,1975,1,3,STADIA,YIO CHU KANG ROAD
319000,11302,2005,2,3,STUDIOS @ MARNE,MARNE ROAD
114504,3600,1910,1,3,SUI GENERIS,BALMORAL CRESCENT
194201,3922,2006,0,2,THE ADARA,CHAPEL ROAD
217500,12984,1977,2,3,THE AMBROSIA,LORONG N TELOK KURAU/EAST COAST ROAD
151000,1950,1980,2,3,THE AMERY,LORONG K TELOK KURAU
275000,10927,2005,2,3,THE LAKESHORE,JURONG WEST STREET 41
141000,9000,1937,1,3,THE MIDAS,LORONG 30 GEYLANG
220000,10041,1992,2,3,THE QUARTZ,COMPASSVALE BOW
151000,3182,2004,2,2,THE ROCHESTER,NORTH BUONA VISTA ROAD/ ROCHESTER PARK
221000,12803,2002,2,3,THE VERTE,LORONG H TELOK KURAU
205000,13600,1965,2,3,THE VERVE,JALAN RAJAH
152000,12464,1996,1,3,THE WHARF RESIDENCE,TONG WATT ROAD
225000,7800,1948,3,3,WATERFRONT WAVES,BEDOK RESERVOIR ROAD
359100,12168,1934,2,4,WOODSVILLE 28,WOODSVILLE CLOSE
118500,7943,1961,1,3,ZEDGE,AKYAB ROAD
313000,11050,2000,2,3,8 RODYK,RODYK STREET
148000,10395,1978,2,3,BEACON HEIGHTS,ST MICHAEL'S ROAD/MAR THOMA ROAD
261500,11885,2001,2,3,BELLE VUE RESIDENCES,OXLEY WALK
147000,8402,2007,1,3,BLU CORAL,LORONG L TELOK KURAU
75500,1491,1972,1,1,CHARLTON VILLAS,CHARLTON LANE
137500,8800,1963,1,3,CLOVER BY THE PARK,BISHAN STREET 22
183200,7861,2002,2,3,CRYSTAL HEIGHTS,PASIR PANJANG HILL
105500,7227,1954,1,2,DAKOTA RESIDENCES,DAKOTA CRESCENT
314813,11694,2007,2,3,HILLVISTA,ELIZABETH DRIVE
305000,12244,2003,2,4,JUBILEE RESIDENCE,PASIR PANJANG ROAD
67000,8248,1914,1,2,KOVAN RESIDENCES,KOVAN ROAD
240000,10800,1974,2,4,LIVIA,PASIR RIS DRIVE 1 (PARCEL 1)
135000,7064,1977,1,3,LYNWOOD EIGHT,LYNWOOD GROVE
168500,2117,2000,2,2,MARTIN NO 38,MARTIN ROAD
165150,10400,1972,1,4,NASSIM PARK RESIDENCES,NASSIM ROAD
160000,10000,1962,1,3,ORION,ORANGE GROVE ROAD
139900,12342,1960,1,3,PARC SOPHIA,ADIS ROAD
153000,9600,1955,1,3,REFLECTIONS AT KEPPEL BAY,KEPPEL BAY VIEW
135000,11606,1969,1,5,SOLEIL @ SINARAN,SINARAN DRIVE
168500,9020,1964,1,3,ST MICHAEL REGENCY,ST. MICHAEL'S ROAD
124000,9000,1880,1,3,STUDIOS @ MARNE,MARNE ROAD
209500,4590,2006,2,2,THE AMERY,LORONG K TELOK KURAU
82500,11900,1977,2,3,THE GREENWOOD (PHASE 5),GREENWOOD AVENUE
139400,9250,1954,1,3,THE LAKESHORE,JURONG WEST STREET 41
144000,6979,1980,0,0,THE QUARTZ,COMPASSVALE BOW
200000,10896,1914,2,8,THE RITZ-CARLTON RESIDENCES SINGAPORE CAIRNHILL,CAIRNHILL ROAD
60000,6120,1936,1,1,THE TRESOR,DUCHESS ROAD
93000,6000,1954,2,3,THE VERTE,LORONG H TELOK KURAU
85000,8777,1910,1,2,THE WHARF RESIDENCE,TONG WATT ROAD
264561,3982,2006,2,1,WOODSVILLE 28,MEYAPPA CHETTIAR ROAD/ WOODSVILLE CLOSE
274000,12677,2003,1,1,ZEDGE,AKYAB ROAD
226000,7050,2001,2,3,ASTON RESIDENCE,JALAN LOYANG BESAR
345000,13860,1972,2,4,BEACON HEIGHTS,ST MICHAEL'S ROAD/MAR THOMA ROAD
152000,10793,1969,2,4,BLU CORAL,LORONG L TELOK KURAU
370878,9187,2009,2,2,BLUWATERS 2,JALAN LOYANG BESAR
143250,10530,1971,1,3,BREEZE BY THE EAST,UPPER EAST COAST ROAD
98300,7200,1950,1,3,CHARLTON VILLAS,CHARLTON LANE
155000,10452,1953,1,3,CLOVER BY THE PARK,BISHAN STREET 22
155000,7700,1966,1,4,CONCOURSE SKYLINE,BEACH ROAD
84500,1936,1970,1,1,DAKOTA RESIDENCES,DAKOTA CRESCENT
205950,8125,2007,2,3,HILLVISTA,ELIZABETH DRIVE
108000,9084,1940,1,4,IVORY,ONAN ROAD
191000,8750,1996,2,2,JUBILEE RESIDENCE,PASIR PANJANG ROAD
135000,10320,1906,1,3,KENT RESIDENCES,KENT ROAD
350000,10437,1995,2,2,KOVAN RESIDENCES,KOVAN ROAD
88000,1680,1971,1,3,LIVIA,PASIR RIS DRIVE 1 (PARCEL 1)
145500,10007,1959,1,3,MADISON RESIDENCES,BUKIT TIMAH ROAD
149000,7200,1931,1,3,MARTIN NO 38,MARTIN ROAD
97500,17503,1948,1,3,MIRO,LINCOLN ROAD
167000,9937,1964,1,3,MULBERRY TREE,MOULMEIN ROAD
197900,12384,1976,2,3,NASSIM PARK RESIDENCES,NASSIM ROAD
402000,46589,1994,2,4,NATURALIS,LORONG M TELOK KURAU
110000,13560,1968,1,2,ONE @ PULASAN,PULASAN ROAD/KOON SENG ROAD
137500,10012,1972,2,3,ORCHARD SCOTTS,ANTHONY RD
423000,20896,2005,1,1,PARC SOPHIA,ADIS ROAD
230500,11194,2000,2,3,REFLECTIONS AT KEPPEL BAY,KEPPEL BAY VIEW
129000,18450,1965,2,3,RIZ HAVEN,LOYANG TERRACE
193500,8125,1994,2,3,SANDY ISLAND,COVE WAY
168000,14175,1956,1,3,SILVERSEA,MARINE PARADE ROAD
137500,11600,1922,1,2,THE AMERY,LORONG K TELOK KURAU
173500,8633,2005,2,3,THE LAKESHORE,JURONG WEST STREET 41
103600,6629,1925,2,3,THE LINEAR,UPPER BUKIT TIMAH ROAD
165000,11250,1977,1,3,THE PEAK@BALMEG,BALMEG HILL
257500,14442,1957,2,3,THE QUARTZ,COMPASSVALE BOW
140000,9200,1965,1,3,THE TRESOR,DUCHESS ROAD
148500,2289,1978,2,3,THE VERTE,LORONG H TELOK KURAU
87000,9600,1900,2,4,THE VERVE,JALAN RAJAH
109500,9022,1924,1,2,THE WHARF RESIDENCE,TONG WATT ROAD
372500,11844,2008,2,3,TRESALVEO,MARYMOUNT TERRACE
128500,9945,1961,1,3,VIVA,SUFFOLK WALK
143000,8012,1980,2,2,WATERFRONT WAVES,BEDOK RESERVOIR ROAD
159434,4500,1932,1,3,ZENITH,ZION ROAD
173000,2887,1996,1,2,ASTON RESIDENCE,JALAN LOYANG BESAR
285000,11248,2002,2,3,BEACON HEIGHTS,ST MICHAEL'S ROAD/MAR THOMA ROAD
221000,16770,1998,2,4,CHARLTON VILLAS,CHARLTON LANE
207500,5062,1984,2,3,CITY REGENCY,ST. MICHAEL'S ROAD
227875,10207,2007,3,3,COASTAL BREEZE RESIDENCES,LOYANG BESAR CLOSE
148800,5105,2004,2,2,CONCOURSE SKYLINE,BEACH ROAD
392000,8089,2007,2,2,D' FRESCO,JOO CHIAT LANE
194700,7577,2005,2,2,HILLVISTA,ELIZABETH DRIVE
141000,4426,2004,1,1,JUBILEE RESIDENCE,PASIR PANJANG ROAD
755000,21535,1994,3,4,KOVAN RESIDENCES,KOVAN ROAD
335000,26178,1989,2,4,LANGE 28,LANGE ROAD
108480,5400,1921,1,2,LIVIA,PASIR RIS DRIVE 1 (PARCEL 1)
141500,6120,1936,1,3,MILL CREEK,LORONG MARZUKI
176000,13811,1987,2,2,MIRO,LINCOLN ROAD
89000,6000,1921,1,2,MULBERRY TREE,MOULMEIN ROAD
123500,6420,1952,1,2,NATURALIS,LORONG M TELOK KURAU
138500,8450,1965,1,3,ORCHARD SCOTTS,ANTHONY RD
196000,4282,2004,2,2,PARC SOPHIA,ADIS ROAD
312500,14331,2002,2,3,REFLECTIONS AT KEPPEL BAY,KEPPEL BAY VIEW
140000,9600,1969,1,3,RIZ HAVEN,JALAN LOYANG BESAR
361919,12438,2006,2,4,SANDY ISLAND,COVE WAY
140000,7630,1900,2,4,SILVERSEA,MARINE PARADE ROAD
213000,8400,2004,2,3,THE ADARA,CHAPEL ROAD
55000,5600,1930,2,3,THE GREENWOOD (PHASE 5),GREENWOOD AVENUE
302000,115149,1971,2,2,THE LAKESHORE,JURONG WEST STREET 41
254000,6240,2006,2,2,THE LINEAR,UPPER BUKIT TIMAH ROAD
179540,9018,2007,2,3,THE LUCENT,LORONG N TELOK KURAU
109900,7162,1966,1,3,THE PEAK@BALMEG,BALMEG HILL
52000,4130,1935,1,2,THE QUARTZ,COMPASSVALE BOW
102776,8712,1900,1,2,THE ROCHESTER,NORTH BUONA VISTA ROAD/ ROCHESTER PARK
189000,4671,1988,2,2,TRESALVEO,MARYMOUNT TERRACE
129000,9873,1970,1,3,VIVA,SUFFOLK WALK
130500,13517,1976,2,3,WATERFRONT WAVES,BEDOK RESERVOIR ROAD
165000,10140,1974,2,3,BLUWATERS 2,JALAN LOYANG BESAR
159500,10800,1890,1,3,CELESTIA,JOO CHIAT TERRACE
157000,10000,1973,1,3,CLOVER BY THE PARK,BISHAN STREET 22
341000,10542,1993,2,3,COASTAL BREEZE RESIDENCES,LOYANG BESAR CLOSE
128500,9920,1969,1,3,CONCOURSE SKYLINE,BEACH ROAD
275000,6563,1985,2,2,IRESIDENCES,IRRAWADDY ROAD
143000,4426,2004,1,1,LIVIA,PASIR RIS DRIVE 1 (PARCEL 1)
124500,8120,1970,1,3,ONE ROSYTH,ROSYTH ROAD
135000,8172,1954,2,4,ORCHARD SCOTTS,ANTHONY RD
320000,13286,2007,2,3,PARC SOPHIA,ADIS ROAD
120500,6960,1970,1,3,RIZ HAVEN,JALAN LOYANG BESAR
222000,21695,1988,2,3,ROSEWOOD SUITES,ROSEWOOD DRIVE
194500,7314,2007,2,2,RV SUITES,RIVER VALLEY ROAD
110000,11475,1958,2,4,STUDIOS @ MARNE,MARNE ROAD
103000,6240,1925,1,2,THE AMERY,LORONG K TELOK KURAU
236500,5389,1995,2,2,THE LINEAR,UPPER BUKIT TIMAH ROAD
187500,9590,2003,2,3,THE LUCENT,LORONG N TELOK KURAU
222500,11404,1998,2,3,THE PARC CONDOMINIUM,WEST COAST WALK
131400,10000,1961,1,3,THE PEAK@BALMEG,BALMEG HILL
108000,8978,1968,1,3,THE QUARTZ,COMPASSVALE BOW
163000,10800,1914,1,2,THE ROCHESTER,NORTH BUONA VISTA ROAD/ ROCHESTER PARK
93500,8544,1950,2,2,THE VERTE,LORONG H TELOK KURAU
239900,10463,2005,2,3,VIDA,PECK HAY ROAD
179000,10800,1987,3,3,WATERFRONT WAVES,BEDOK RESERVOIR ROAD
190000,9313,2004,2,3,CELESTIA,JOO CHIAT TERRACE
132000,9600,1910,2,2,CLOVER BY THE PARK,BISHAN STREET 22
142000,6768,1961,1,3,HARMONY @ 1A,LIM AH PIN ROAD
179000,8450,2000,2,3,LANGE 28,LANGE ROAD
175000,12886,1963,2,3,LIVIA,PASIR RIS DRIVE 1 (PARCEL 1)
180000,5395,1993,2,2,MULBERRY TREE,MOULMEIN ROAD
299800,8963,1976,3,4,NATURALIS,LORONG M TELOK KURAU
236000,8795,2000,2,4,NOVA 48,PROME ROAD
265979,11700,1880,1,4,NOVA 88,BHAMO ROAD
260400,10593,1996,2,3,OASIS GARDEN,JALAN BUNGA RAMPAI
98000,8405,1945,2,4,ONE @ PULASAN,PULASAN ROAD/KOON SENG ROAD
96500,8800,1910,1,3,ORCHARD SCOTTS,ANTHONY RD
162000,7750,2003,2,3,PARC SOPHIA,ADIS ROAD
217000,9236,1997,2,3,POSHGROVE EAST,EAST COAST ROAD/LORONG N TELOK KURAU
275500,10240,2005,2,3,ROSEWOOD SUITES,ROSEWOOD DRIVE
156000,7930,1969,1,3,RV SUITES,RIVER VALLEY ROAD
172500,3230,1999,2,3,THE BEACON EDGE,TEMBELING ROAD
212000,10769,2007,2,3,THE LUCENT,LORONG N TELOK KURAU
158900,11616,1978,2,3,THE QUARTZ,COMPASSVALE BOW
179400,2280,1999,2,3,THE RITZ-CARLTON RESIDENCES SINGAPORE CAIRNHILL,CAIRNHILL ROAD
290000,12257,1995,2,4,THE VERVE,JALAN RAJAH
127500,9100,1959,1,2,VIDA,PECK HAY ROAD
100000,6911,1924,1,2,BEACON HEIGHTS,ST MICHAEL'S ROAD/MAR THOMA ROAD
215200,8640,2009,2,3,CELESTIA,JOO CHIAT TERRACE
337000,9430,1999,2,3,ICON,GOPENG STREET
270000,9549,1995,1,2,IRESIDENCES,IRRAWADDY ROAD
264132,14587,2008,2,2,JUBILEE RESIDENCE,PASIR PANJANG ROAD
196500,10421,1988,2,3,KOVAN RESIDENCES,KOVAN ROAD
160000,12508,1940,2,4,LIVIA,PASIR RIS DRIVE 1 (PARCEL 1)
216837,9100,2004,2,3,NATURALIS,LORONG M TELOK KURAU
538000,53504,2003,3,4,NOVA 48,PROME ROAD
134900,7252,1982,1,2,NOVA 88,BHAMO ROAD
102000,8877,1951,1,2,PALMERA RESIDENCE,LORONG N TELOK KURAU
107000,7819,1976,1,3,POSHGROVE EAST,EAST COAST ROAD/LORONG N TELOK KURAU
114500,10150,1958,1,2,ROSEWOOD SUITES,ROSEWOOD DRIVE
395000,14226,2006,2,3,RV SUITES,RIVER VALLEY ROAD
162000,4500,1998,2,2,SOLARIS RESIDENCES,PAYA LEBAR CRESCENT
221500,11210,2005,2,3,THE BEACON EDGE,TEMBELING ROAD
142500,13350,1974,1,3,THE LUCENT,LORONG N TELOK KURAU
144000,8400,1977,2,4,THE VERVE,JALAN RAJAH
135000,10530,1977,1,2,VIDA,PECK HAY ROAD
176000,7875,1995,2,3,WATERFRONT WAVES,BEDOK RESERVOIR ROAD
175900,7153,1992,2,3,ALEXIS,ALEXANDRA ROAD
187100,16285,2001,2,3,BOTANNIA,WEST COAST PARK
165500,9101,1978,1,1,CALLIDORA VILLE,LORONG N TELOK KURAU
128000,6300,1914,2,3,CASPIAN,LAKESIDE DRIVE
161500,9790,1967,2,3,CELESTIA,JOO CHIAT TERRACE
139000,10800,1915,2,4,CITY STUDIOS,RACE COURSE LANE
233000,10142,2004,2,4,CLOVER BY THE PARK,BISHAN STREET 22
107900,6000,1954,1,2,COASTAL BREEZE RESIDENCES,LOYANG BESAR CLOSE
187500,12205,1966,2,5,DE CENTURION,TANJONG RHU ROAD
160200,3182,2005,2,2,ICON,GOPENG STREET
146800,11333,1976,1,3,IRESIDENCES,IRRAWADDY ROAD
269790,9920,1996,2,3,IVORY,ONAN ROAD
225000,9158,2007,2,3,KOVAN RESIDENCES,KOVAN ROAD
194500,10832,1994,2,3,LIVIA,PASIR RIS DRIVE 1 (PARCEL 1)
171000,8400,1980,2,3,NATURALIS,LORONG M TELOK KURAU
143500,8197,1977,1,3,NOVA 48,PROME ROAD
110000,7677,1953,1,2,NOVA 88,BHAMO ROAD
485000,13518,2008,3,4,OASIS GARDEN,JALAN BUNGA RAMPAI
175000,7200,1937,1,3,ONE @ PULASAN,PULASAN ROAD/KOON SENG ROAD
200000,12798,1997,2,4,PALMERA RESIDENCE,LORONG N TELOK KURAU
109900,4800,1916,1,2,PARC SOPHIA,ADIS ROAD
189000,8199,2005,2,3,POSHGROVE EAST,EAST COAST ROAD/LORONG N TELOK KURAU
582933,13891,2008,3,4,ROSEWOOD SUITES,ROSEWOOD DRIVE
118000,9000,1954,1,2,RV SUITES,RIVER VALLEY ROAD
227680,12274,2008,2,3,SKYPARK,ST THOMAS WALK
135500,9750,1967,2,3,THE ADARA,CHAPEL ROAD
223500,21384,1923,1,3,THE BEACON EDGE,TEMBELING ROAD
159950,13400,1966,1,3,THE LUCENT,LORONG N TELOK KURAU
106000,8100,1898,2,2,THE QUARTZ,COMPASSVALE BOW
181000,10140,1974,1,3,THE VERTE,LORONG H TELOK KURAU
144500,4438,2004,1,1,THE VERVE,JALAN RAJAH
55993,8712,1952,1,2,VIDA,PECK HAY ROAD
157900,9750,1958,1,4,WATERFRONT WAVES,BEDOK RESERVOIR ROAD
116000,8248,1918,1,3,WOODSVILLE 28,MEYAPPA CHETTIAR ROAD/ WOODSVILLE CLOSE
224900,12137,1998,2,3,ZENITH,ZION ROAD
137000,11425,1954,1,2,ALEXIS,ALEXANDRA ROAD
271000,13265,2002,2,3,BELLE VUE RESIDENCES,OXLEY WALK
155000,8816,1971,1,3,BOTANNIA,WEST COAST PARK
224000,6371,2009,2,2,CALLIDORA VILLE,LORONG N TELOK KURAU
183000,7226,2003,2,3,CASPIAN,LAKESIDE DRIVE
93000,6000,1953,1,2,CELESTIA,JOO CHIAT TERRACE
225000,12394,2003,2,3,CITY STUDIOS,RACE COURSE LANE
139500,9900,1940,2,3,CLOVER BY THE PARK,BISHAN STREET 22
232600,11216,2006,2,3,COASTAL BREEZE RESIDENCES,LOYANG BESAR CLOSE
385000,14803,2007,2,2,CONCOURSE SKYLINE,BEACH ROAD
109500,6130,1924,1,2,DE CENTURION,TANJONG RHU ROAD
189000,8529,2001,2,3,DOMUS,IRRAWADDY ROAD
185000,28698,1967,2,3,FERRARIA PARK CONDOMINIUM,FLORA DRIVE
147400,2544,2005,2,2,FONTAINE PARRY,POH HUAT ROAD
166000,11900,1957,1,3,IDYLLIC EAST,UPPER EAST COAST ROAD
151000,3180,2005,2,2,IRESIDENCES,IRRAWADDY ROAD
237000,9548,2003,2,3,IVORY,ONAN ROAD
167000,10004,1964,1,3,KEMBANGAN SUITES,JALAN MASJID
139950,7875,1961,1,3,KOVAN RESIDENCES,KOVAN ROAD
128000,9600,1950,2,2,LIVIA,PASIR RIS DRIVE 1 (PARCEL 1)
153500,8100,1948,1,2,MI CASA,CHOA CHU KANG AVE 3
100000,1680,1973,1,2,MILL CREEK,LORONG MARZUKI
144000,9525,1995,1,3,NOVA 48,PROME ROAD
130500,11767,1946,1,3,NOVA 88,BHAMO ROAD
140000,12155,1925,2,4,OASIS GARDEN,JALAN BUNGA RAMPAI
157500,10440,1904,2,3,ONE @ PULASAN,PULASAN ROAD/KOON SENG ROAD
174900,9020,1966,1,3,ONE ROSYTH,ROSYTH ROAD
141000,8000,1961,2,6,ORCHARD SCOTTS,ANTHONY RD
153900,12665,1915,1,4,PALMERA RESIDENCE,LORONG N TELOK KURAU
171000,16647,1975,2,3,PARC CENTENNIAL,KAMPONG JAVA ROAD
213000,9317,1993,2,3,PARC SOPHIA,ADIS ROAD
133500,15523,1972,1,3,PARK NATURA,BUKIT BATOK EAST AVENUE 6
240000,45600,1908,3,5,POSHGROVE EAST,EAST COAST ROAD/LORONG N TELOK KURAU
187000,9600,1976,2,3,ROSEWOOD SUITES,ROSEWOOD DRIVE
131500,4435,2003,1,1,RV SUITES,RIVER VALLEY ROAD
215000,3196,2003,2,2,SOLARIS RESIDENCES,PAYA LEBAR CRESCENT
164000,7128,1941,2,4,THE ADARA,CHAPEL ROAD
158000,12095,1964,1,3,THE ARTE,JALAN RAJA UDANG/JALAN DATOH
170000,17920,1955,1,3,THE BEACON EDGE,TEMBELING ROAD
127000,6897,1962,1,3,THE BEVERLY,TOH TUCK ROAD
147000,10970,1978,1,3,THE LUCENT,LORONG N TELOK KURAU
174000,8125,1994,2,3,THE MERCURY,SHANGHAI ROAD
152000,10400,1976,2,3,THE MEZZO,BALESTIER ROAD
250000,11029,1968,2,4,THE QUARTZ,COMPASSVALE BOW
189950,7642,1918,1,3,THE SEAFRONT ON MEYER,MEYER ROAD
131500,11625,1965,1,3,THE VERTE,LORONG H TELOK KURAU
152000,9672,1984,2,3,THE VERVE,JALAN RAJAH
132500,7931,1959,1,3,TRESALVEO,MARYMOUNT TERRACE
250580,8640,2007,2,3,VIDA,PECK HAY ROAD
148500,8750,1970,1,3,WATERFRONT WAVES,BEDOK RESERVOIR ROAD
248900,10656,2006,2,3,WOODSVILLE 28,MEYAPPA CHETTIAR ROAD/ WOODSVILLE CLOSE
129000,6970,1961,1,3,BEACON HEIGHTS,ST MICHAEL'S ROAD/MAR THOMA ROAD
169000,14762,1948,2,2,BELLE VUE RESIDENCES,OXLEY WALK
236000,9938,1993,2,3,BELLERIVE,KENG CHIN ROAD
109500,6600,1962,1,2,BLUWATERS 2,JALAN LOYANG BESAR
200500,8750,1998,2,3,BOTANNIA,WEST COAST PARK
116000,8892,1953,1,3,BREEZE BY THE EAST,UPPER EAST COAST ROAD
133000,12144,1949,1,3,CALLIDORA VILLE,LORONG N TELOK KURAU
66500,5720,1941,1,3,CASPIAN,LAKESIDE DRIVE
303477,9000,2007,2,4,CHATEAU LA SALLE,LA SALLE STREET
132250,25286,1963,1,3,CITY STUDIOS,RACE COURSE LANE
350000,8834,2004,2,4,CLOVER BY THE PARK,BISHAN STREET 22
148000,11782,1961,1,3,COASTAL BREEZE RESIDENCES,LOYANG BESAR CLOSE
136500,7000,1978,1,3,CONCOURSE SKYLINE,BEACH ROAD
157000,7024,2005,1,2,DOMUS,IRRAWADDY ROAD
187500,13758,1990,2,3,EVERGREEN VIEW,LORONG 36 GEYLANG
178000,9636,1992,2,3,FERRARIA PARK CONDOMINIUM,FLORA DRIVE
118500,6204,1912,1,5,FIORENZA,FLORENCE ROAD
100000,7150,1967,1,3,FONTAINE PARRY,POH HUAT ROAD
328900,5119,1999,2,2,HERITAGE 9,EVERITT ROAD
145000,8393,1959,2,4,HILLVISTA,ELIZABETH DRIVE
135500,16466,1955,1,3,IRESIDENCES,IRRAWADDY ROAD
268000,15865,1970,2,4,KEMBANGAN SUITES,JALAN MASJID
149500,12160,1953,1,2,KOVAN RESIDENCES,KOVAN ROAD
122900,8064,1949,1,3,LA DOLCE VITA,UPPER PAYA LEBAR ROAD
172500,11184,1978,2,3,LIVIA,PASIR RIS DRIVE 1 (PARCEL 1)
154500,8414,1963,1,3,LUMA,RIVER VALLEY GROVE
165000,13284,1954,1,3,LUXE VILLE,PASIR PANJANG ROAD
118858,7018,1979,2,4,LYNWOOD EIGHT,LYNWOOD GROVE/MACKERROW ROAD
140000,7056,1963,1,4,MI CASA,CHOA CHU KANG AVE 3
106500,8765,1936,1,2,MILL CREEK,LORONG MARZUKI
142953,7018,1979,2,6,MOUNT SOPHIA SUITES,SOPHIA ROAD
611657,12919,2009,2,2,MULBERRY TREE,MOULMEIN ROAD
135000,6993,1961,1,3,NATURALIS,LORONG M TELOK KURAU
110000,7340,1971,1,2,NOVA 48,PROME ROAD
153000,8712,1957,1,2,NOVA 88,BHAMO ROAD
180000,7875,2003,2,3,OASIS GARDEN,JALAN BUNGA RAMPAI
240000,14859,2006,2,3,ONE ROBIN,ROBIN ROAD
125500,6173,1967,1,3,ONE ROSYTH,ROSYTH ROAD
128000,9920,1954,1,3,PALMERA RESIDENCE,LORONG N TELOK KURAU
255000,13501,2006,2,3,PARC SOPHIA,ADIS ROAD
250000,11500,1936,1,3,PARK NATURA,BUKIT BATOK EAST AVENUE 6
131000,8885,1983,1,2,POSHGROVE EAST,EAST COAST ROAD/LORONG N TELOK KURAU
174000,12589,2005,2,3,ROSEWOOD SUITES,ROSEWOOD DRIVE
154300,11600,1960,2,5,RV SUITES,RIVER VALLEY ROAD
143500,9286,1977,1,3,SERAYA 9,SERAYA LANE
88000,6120,1925,1,3,SOLARIS RESIDENCES,PAYA LEBAR CRESCENT
145000,6270,1949,2,4,TEMBELING COURT,TEMBELING ROAD
173733,3000,2009,2,2,THE ADARA,CHAPEL ROAD
75000,2001,1970,1,3,THE AMERY,LORONG K TELOK KURAU
35311,9000,1949,0,1,THE ARC AT DRAYCOTT,DRAYCOTT DRIVE
135000,17140,1956,1,3,THE ARTE,JALAN RAJA UDANG/JALAN DATOH
238000,13125,1991,2,4,THE BEACON EDGE,TEMBELING ROAD
176500,11029,1958,1,3,THE BEVERLY,TOH TUCK ROAD
201000,8462,1994,2,3,THE LUCENT,LORONG N TELOK KURAU
145900,8777,1900,2,4,THE MERCURY,SHANGHAI ROAD
169990,10237,2005,2,3,THE MEZZO,BALESTIER ROAD
193000,8012,1993,2,2,THE PEAK@BALMEG,BALMEG HILL
207500,10240,1980,2,3,THE QUARTZ,COMPASSVALE BOW
175000,15611,1977,2,3,THE ROCHESTER,NORTH BUONA VISTA ROAD/ ROCHESTER PARK
285000,11999,2003,2,4,THE VERTE,LORONG H TELOK KURAU
176000,9900,1968,2,4,TRESALVEO,MARYMOUNT TERRACE
236500,11838,2001,2,3,VERDURE,HOLLAND ROAD
222000,13006,1997,2,4,VIDA,PECK HAY ROAD
201000,8925,2007,2,3,WATERFRONT WAVES,BEDOK RESERVOIR ROAD
117500,9100,1965,1,2,WOODSVILLE 28,MEYAPPA CHETTIAR ROAD/ WOODSVILLE CLOSE
320000,11670,2006,2,3,ZENITH,ZION ROAD
190000,8487,2004,2,3,8 @ STRATTON,STRATTON GREEN
242000,27650,1960,2,4,BALCON EAST,UPPER EAST COAST ROAD
79900,5825,1926,1,1,BEACON HEIGHTS,ST MICHAEL'S ROAD/MAR THOMA ROAD
184900,10083,2003,2,2,BELLE VUE RESIDENCES,OXLEY WALK
253000,9675,2005,2,3,BELLERIVE,KENG CHIN ROAD
239799,8760,2006,2,3,BLUWATERS 2,JALAN LOYANG BESAR
244400,24090,1940,2,4,BOTANNIA,WEST COAST PARK
150900,12640,1976,2,4,BOULEVARD VUE,ANGULLIA PARK
214000,8755,1999,2,3,BREEZE BY THE EAST,UPPER EAST COAST ROAD
150000,7711,1977,2,4,CALLIDORA VILLE,LORONG N TELOK KURAU
143000,25000,1967,2,4,CASPIAN,LAKESIDE DRIVE
137500,14375,1958,1,3,CELESTIA,JOO CHIAT TERRACE
124900,8820,1890,1,2,CLOVER BY THE PARK,BISHAN STREET 22
143000,8163,1959,1,3,COASTAL BREEZE RESIDENCES,LOYANG BESAR CLOSE
270000,14536,2002,2,3,CONCOURSE SKYLINE,BEACH ROAD
192500,14006,2002,2,3,CRYSTAL HEIGHTS,PASIR PANJANG HILL
197500,9360,1972,1,3,DAKOTA RESIDENCES,DAKOTA CRESCENT
129000,7200,1950,1,3,DOMUS,IRRAWADDY ROAD
119900,7800,1965,1,3,EVERGREEN VIEW,LORONG 36 GEYLANG
133900,7200,1972,1,2,FERRARIA PARK CONDOMINIUM,FLORA DRIVE
172000,11075,1969,2,4,FIORENZA,FLORENCE ROAD
127500,9400,1975,2,4,FONTAINE PARRY,POH HUAT ROAD
145000,7136,1946,2,4,HERITAGE 9,EVERITT ROAD
124000,1300,1980,1,2,HILLVISTA,ELIZABETH DRIVE
132000,7420,1962,1,3,ICON,GOPENG STREET
185000,8450,2003,2,3,IDYLLIC EAST,UPPER EAST COAST ROAD
155000,2572,1999,2,3,IRESIDENCES,IRRAWADDY ROAD
116500,7207,1958,1,2,KOVAN RESIDENCES,KOVAN ROAD
272000,12227,1977,2,4,LA DOLCE VITA,UPPER PAYA LEBAR ROAD
155000,2308,1976,2,3,LIVIA,PASIR RIS DRIVE 1 (PARCEL 1)
239000,11923,2007,2,2,LUMA,RIVER VALLEY GROVE
214900,11316,2002,2,4,LUMIERE,MISTRI ROAD/PARSI ROAD
178900,10237,2005,2,3,LUXE VILLE,PASIR PANJANG ROAD
160000,9600,1940,1,2,LYNWOOD EIGHT,LYNWOOD GROVE/MACKERROW ROAD
135000,7390,1955,1,3,MARTIN PLACE RESIDENCES,MARTIN PLACE
37900,5925,1910,1,2,MI CASA,CHOA CHU KANG AVE 3
140000,10382,1958,1,2,MIRO,LINCOLN ROAD
135000,10800,1949,1,4,MOUNT SOPHIA SUITES,SOPHIA ROAD
173000,2268,2003,2,2,MULBERRY TREE,MOULMEIN ROAD
99500,7892,1979,2,2,NATURALIS,LORONG M TELOK KURAU
182000,11639,2007,2,3,NOVA 48,PROME ROAD
167500,11414,1910,1,3,NOVA 88,BHAMO ROAD
165000,2651,2000,2,3,OASIS GARDEN,JALAN BUNGA RAMPAI
85500,5900,1923,1,2,ONE ROBIN,ROBIN ROAD
199900,4274,2006,1,1,ORCHARD SCOTTS,ANTHONY RD
110000,9450,1954,1,3,PARC CENTENNIAL,KAMPONG JAVA ROAD
139000,8816,1963,1,3,PARK NATURA,BUKIT BATOK EAST AVENUE 6
178400,12122,1961,1,3,POSHGROVE EAST,EAST COAST ROAD/LORONG N TELOK KURAU
336000,12203,1998,2,4,RIVERGATE,MARTIN ROAD
159895,3182,2007,2,2,RIZ HAVEN,JALAN LOYANG BESAR
255900,11250,2002,2,4,ROCHELLE AT NEWTON,KENG LEE ROAD
126000,10125,1977,2,4,ROSEWOOD SUITES,ROSEWOOD DRIVE
125000,10880,1950,1,3,SANDY ISLAND,SANDY ISLAND
117000,5310,1910,1,2,SHELFORD 23,SHELFORD ROAD
395192,10159,2009,2,3,SIGNATURE AT LEWIS,LEWIS ROAD
195000,12046,1976,2,4,SOLARIS RESIDENCES,PAYA LEBAR CRESCENT
197000,8125,2006,2,3,SPRING @ LANGSAT,LANGSAT ROAD
348000,9452,1997,2,3,ST MICHAEL REGENCY,ST. MICHAEL'S ROAD
168000,17671,1882,1,4,ST REGIS RESIDENCES SINGAPORE,TANGLIN ROAD/TOMLINSON ROAD/CUSCADEN ROAD
187000,9760,1964,2,3,STUDIOS @ MARNE,MARNE ROAD
173900,8846,2005,2,3,TEMBELING COURT,TEMBELING ROAD
337500,12456,2006,2,3,THE ADARA,CHAPEL ROAD
121600,4712,1946,1,3,THE ARTE,JALAN RAJA UDANG/JALAN DATOH
136500,10659,1961,1,3,THE BEVERLY,TOH TUCK ROAD
185000,11717,1970,2,2,THE MEZZO,BALESTIER ROAD
91000,9786,1922,1,3,THE ORANGE GROVE,STEVENS ROAD/ORANGE GROVE ROAD
206000,6762,2006,2,2,THE ORCHARD RESIDENCES,ORCHARD BOULEVARD
82000,10206,1952,1,2,THE PEAK@BALMEG,BALMEG HILL
86000,5400,1920,1,2,THE ROCHESTER,NORTH BUONA VISTA ROAD/ ROCHESTER PARK
232000,11957,2006,2,3,THE VERTE,LORONG H TELOK KURAU
136905,11500,1976,2,4,THE WHARF RESIDENCE,TONG WATT ROAD
181000,3182,2005,2,1,TRESALVEO,MARYMOUNT TERRACE
149900,8385,1977,2,3,VERDURE,HOLLAND ROAD
163500,12155,1970,2,3,VIDA,PECK HAY ROAD
88000,2217,1970,1,3,WATERFRONT WAVES,BEDOK RESERVOIR ROAD
240000,12118,2004,2,3,WOODSVILLE 28,MEYAPPA CHETTIAR ROAD/ WOODSVILLE CLOSE
102000,6000,1926,2,4,ZENITH,ZION ROAD
135000,21286,1948,2,4,8 @ STRATTON,STRATTON GREEN
100000,9825,1965,2,4,8@WOODLEIGH,WOODLEIGH CLOSE
165000,10592,1923,1,3,AMBER RESIDENCES,AMBER ROAD
85000,7200,1910,1,2,ASTON RESIDENCE,JALAN LOYANG BESAR
119200,11664,1948,1,2,BALCON EAST,UPPER EAST COAST ROAD
227000,8400,2001,2,3,BEACON HEIGHTS,ST MICHAEL'S ROAD/MAR THOMA ROAD
203000,11883,1996,2,3,BELLE VUE RESIDENCES,OXLEY WALK
187500,5814,1984,1,1,BELLERIVE,KENG CHIN ROAD
160000,10784,1991,2,3,BLUWATERS 2,JALAN LOYANG BESAR
213490,3013,2005,2,2,BREEZE BY THE EAST,UPPER EAST COAST ROAD
176000,7024,2005,1,2,CALLIDORA VILLE,LORONG N TELOK KURAU
194000,7406,2006,2,2,CASPIAN,LAKESIDE DRIVE
87000,9439,1930,1,2,CITY STUDIOS,RACE COURSE LANE
191000,3182,2005,2,2,CLOVER BY THE PARK,BISHAN STREET 22
287000,15498,1976,2,2,COASTAL BREEZE RESIDENCES,LOYANG BESAR CLOSE
112500,7700,1972,1,3,CONCOURSE SKYLINE,BEACH ROAD
167500,9300,1960,1,3,CRYSTAL HEIGHTS,PASIR PANJANG HILL
293077,9520,2007,2,3,D' FRESCO,JOO CHIAT LANE
105000,9492,1941,1,3,DAKOTA RESIDENCES,DAKOTA CRESCENT
118000,1680,1972,1,3,DOMUS,IRRAWADDY ROAD
160000,7082,1916,2,5,EVERGREEN VIEW,LORONG 36 GEYLANG
197000,15863,1920,2,5,FIORENZA,FLORENCE ROAD
310000,14541,1993,2,5,FONTAINE PARRY,POH HUAT ROAD
230000,8125,2002,2,3,HAMILTON SCOTTS,SCOTTS ROAD
119750,6305,1938,1,2,HERITAGE 9,EVERITT ROAD
84000,11500,1957,1,3,HILLVISTA,ELIZABETH DRIVE
315500,12898,2007,2,2,ICON,GOPENG STREET
287000,9240,2001,2,3,IDYLLIC EAST,UPPER EAST COAST ROAD
97000,1533,1970,1,3,IRESIDENCES,IRRAWADDY ROAD
80000,1477,1970,1,1,JARDIN,DUNEARN ROAD
155000,13125,1957,2,3,KING'S 8,KING'S ROAD
173000,9130,1966,1,4,KOVAN RESIDENCES,KOVAN ROAD
196000,5381,2005,2,1,LIVIA,PASIR RIS DRIVE 1 (PARCEL 1)
262280,11839,1990,2,4,LUMA,RIVER VALLEY GROVE
278000,9600,1981,2,4,LUMIERE,MISTRI ROAD/PARSI ROAD
139600,13680,1955,2,4,LUXE VILLE,PASIR PANJANG ROAD
556581,16056,2005,3,4,MARTIN PLACE RESIDENCES,MARTIN PLACE
145000,9245,1994,1,3,MI CASA,CHOA CHU KANG AVE 3
115000,21750,1960,1,3,MIRO,LINCOLN ROAD
84900,11100,1946,1,2,NASSIM PARK RESIDENCES,NASSIM ROAD
176485,8993,2007,2,3,NATHAN RESIDENCES,NATHAN ROAD
200141,11175,2007,2,3,NATURALIS,LORONG M TELOK KURAU
165000,9500,1964,1,4,NOVA 48,PROME ROAD
144500,8562,1957,1,4,NOVA 88,BHAMO ROAD
255000,11367,2002,2,3,OASIS @ ELIAS,ELIAS ROAD
180000,11361,1976,2,3,OASIS GARDEN,JALAN BUNGA RAMPAI
185850,7052,2005,2,2,ONE DEVONSHIRE,DEVONSHIRE ROAD
248000,29959,1994,2,3,ONE ROBIN,ROBIN ROAD
335000,11308,2008,2,3,ORCHARD SCOTTS,ANTHONY RD
220000,11275,1932,1,3,PARC ASTON,LEICESTER ROAD
213500,4920,2001,2,2,PARC CENTENNIAL,KAMPONG JAVA ROAD
81000,18000,1935,1,2,PARC MACKENZIE,MACKENZIE ROAD
90000,13600,1900,2,5,PARC SEABREEZE,JOO CHIAT ROAD
110500,6000,1925,1,2,PARK NATURA,BUKIT BATOK EAST AVENUE 6
154000,11000,1966,1,3,RESIDENCES @ KILLINEY,KILLINEY ROAD
328000,14000,1996,2,3,RIVERGATE,MARTIN ROAD
178000,7837,1993,2,3,RIZ HAVEN,JALAN LOYANG BESAR
167900,9760,1964,1,4,ROCHELLE AT NEWTON,KENG LEE ROAD
151400,3964,1973,2,5,ROSEWOOD SUITES,ROSEWOOD DRIVE
135000,9600,1949,1,2,SANDY ISLAND,SANDY ISLAND
135000,10152,1956,1,3,SHELFORD 23,SHELFORD ROAD
154000,11700,1968,1,4,SIGNATURE AT LEWIS,LEWIS ROAD
91500,7585,1948,1,4,SILVERSEA,MARINE PARADE ROAD
159500,7950,1977,1,3,SPRING @ LANGSAT,LANGSAT ROAD
194000,8556,2006,2,2,ST MICHAEL REGENCY,ST. MICHAEL'S ROAD
219500,13125,1940,1,3,ST REGIS RESIDENCES SINGAPORE,TANGLIN ROAD/TOMLINSON ROAD/CUSCADEN ROAD
170000,10800,1936,2,3,STUDIOS @ MARNE,MARNE ROAD
138800,15870,1969,1,3,TEMBELING COURT,TEMBELING ROAD
155900,4435,2004,1,1,THE AMERY,LORONG K TELOK KURAU
126000,8775,1994,1,3,THE ARIEL,LORONG 105 CHANGI
145000,11040,1971,2,3,THE ARTE,JALAN RAJA UDANG/JALAN DATOH
133000,7500,1963,1,3,THE BEVERLY,TOH TUCK ROAD
192000,8749,2002,2,3,THE MEZZO,BALESTIER ROAD
160000,8800,1964,1,3,THE ORANGE GROVE,STEVENS ROAD/ORANGE GROVE ROAD
187500,13031,1995,2,3,THE ORCHARD RESIDENCES,ORCHARD BOULEVARD
147000,9069,1992,1,2,THE PEAK@BALMEG,BALMEG HILL
83500,1974,1973,1,3,THE RITZ-CARLTON RESIDENCES SINGAPORE CAIRNHILL,CAIRNHILL ROAD
252000,10574,2005,2,3,THE VERTE,LORONG H TELOK KURAU
137500,2522,2004,2,3,TRESALVEO,MARYMOUNT TERRACE
197000,3316,2005,1,1,VIDA,PECK HAY ROAD
92900,8544,1950,2,2,VISTA RESIDENCES,JALAN DATOH
160000,2160,1999,2,2,WATERFRONT WAVES,BEDOK RESERVOIR ROAD
136500,8400,1925,2,4,WOODSVILLE 28,MEYAPPA CHETTIAR ROAD/ WOODSVILLE CLOSE
146000,9230,1965,1,1,ZENITH,ZION ROAD
129000,5868,1956,1,2,8 @ STRATTON,STRATTON GREEN
176432,9317,2006,2,3,8@WOODLEIGH,WOODLEIGH CLOSE
127000,6882,1914,1,3,AMBER RESIDENCES,AMBER ROAD
170000,3696,1986,1,2,ASCENTIA SKY,ALEXANDRA VIEW
128000,6000,1936,1,3,ASTON RESIDENCE,JALAN LOYANG BESAR
157000,11880,1978,2,3,BALCON EAST,UPPER EAST COAST ROAD
60000,8400,1920,1,1,BEACON HEIGHTS,ST MICHAEL'S ROAD/MAR THOMA ROAD
119500,9758,1971,1,3,BELLE VUE RESIDENCES,OXLEY WALK
135000,7000,1960,1,2,BELLERIVE,KENG CHIN ROAD
159500,8910,1959,1,3,BREEZE BY THE EAST,UPPER EAST COAST ROAD
106000,2016,1970,2,3,CALLIDORA VILLE,LORONG N TELOK KURAU
325000,12256,1994,2,3,CASPIAN,LAKESIDE DRIVE
179900,10357,1990,2,3,CENTRO RESIDENCES,ANG MO KIO AVE 8
274725,23257,2006,2,3,CHATEAU LA SALLE,LA SALLE STREET
181000,8063,2000,2,3,CITY STUDIOS,RACE COURSE LANE
280000,11362,2004,2,3,CLOVER BY THE PARK,BISHAN STREET 22
188000,8000,1995,2,3,COASTAL BREEZE RESIDENCES,LOYANG BESAR CLOSE
205000,10480,1976,2,4,CONCOURSE SKYLINE,BEACH ROAD
129900,7100,1957,1,2,D' FRESCO,JOO CHIAT LANE
134500,8923,1953,1,2,DAKOTA RESIDENCES,DAKOTA CRESCENT
117000,5400,1954,1,2,DOMUS,IRRAWADDY ROAD
318000,12085,2007,2,3,ESTA RUBY,GUILLEMARD ROAD
184100,7750,2002,2,3,ESTILO,WILKIE ROAD
130000,9764,1967,1,3,EVERGREEN VIEW,LORONG 36 GEYLANG
140000,13825,1958,1,3,FERRELL RESIDENCES,BUKIT TIMAH ROAD
133700,7560,1959,1,3,FONTAINE PARRY,POH HUAT ROAD
118400,8263,1920,1,2,HAMILTON SCOTTS,SCOTTS ROAD
212900,10084,2005,2,3,HERITAGE 9,EVERITT ROAD
112000,8926,1956,1,3,HILLVISTA,ELIZABETH DRIVE
118000,9405,1947,1,2,IDYLLIC EAST,UPPER EAST COAST ROAD
163900,9125,1992,2,3,JARDIN,DUNEARN ROAD
115000,10434,1955,1,2,JIA,WILKIE ROAD
174000,3684,2007,2,2,KOVAN RESIDENCES,KOVAN ROAD
259000,14572,2004,2,3,LA DOLCE VITA,UPPER PAYA LEBAR ROAD
215000,11796,2004,2,4,LATITUDE,JALAN MUTIARA
140000,7200,1980,1,2,LIVIA,PASIR RIS DRIVE 1 (PARCEL 1)
135000,7804,1928,2,4,LUMA,RIVER VALLEY GROVE
93500,10712,1991,1,3,LUXE VILLE,PASIR PANJANG ROAD
117500,9900,1880,2,5,LUXUS HILLS,YIO CHU KANG RD/ANG MO KIO AVE 5/SELETAR RD
239500,9828,1995,2,3,MARINA COLLECTION,COVE DRIVE/COVE WAY
169000,8773,1997,2,3,MARTIN PLACE RESIDENCES,MARTIN PLACE
102000,6180,1926,1,2,MEADOWS @ PEIRCE,UPPER THOMSON ROAD
119000,9600,1950,1,3,MI CASA,CHOA CHU KANG AVE 3
94000,6342,1875,1,2,MILL CREEK,LORONG MARZUKI
196000,9819,1977,2,2,MIRO,LINCOLN ROAD
144000,8731,1920,1,3,MULBERRY TREE,MOULMEIN ROAD
139000,7350,1951,1,2,NASSIM PARK RESIDENCES,NASSIM ROAD
197500,10304,1976,2,4,NATURALIS,LORONG M TELOK KURAU
424870,9965,2006,3,4,OASIS @ ELIAS,ELIAS ROAD
80000,9000,1959,1,3,OASIS GARDEN,JALAN BUNGA RAMPAI
80000,12180,1941,1,2,ONE DEVONSHIRE,DEVONSHIRE ROAD
149000,6240,1928,1,3,ONE ROBIN,ROBIN ROAD
180000,11200,1985,2,3,ONE ROSYTH,ROSYTH ROAD
174500,12000,1941,1,3,OPTIMA @ TANAH MERAH,NEW UPPER CHANGI RD / TANAH MERAH KECHIL AVE
116900,5700,1926,1,2,ORANGE GROVE RESIDENCES,ORANGE GROVE ROAD
143000,9000,1920,1,3,PARC ASTON,LEICESTER ROAD
124000,8280,1950,1,2,PARC IMPERIAL,PASIR PANJANG ROAD
149900,17755,1959,1,3,PARC MACKENZIE,MACKENZIE ROAD
230000,14115,1956,1,2,PARC SEABREEZE,JOO CHIAT ROAD
120500,5890,1930,1,2,PARK NATURA,BUKIT BATOK EAST AVENUE 6
201800,13700,1965,1,4,REFLECTIONS AT KEPPEL BAY,KEPPEL BAY VIEW
218000,10768,1976,2,3,RESIDENCES @ KILLINEY,KILLINEY ROAD
179900,9350,1965,2,3,RIVERGATE,MARTIN ROAD
230000,5001,2007,2,2,RIZ HAVEN,JALAN LOYANG BESAR
235128,11932,2007,2,3,ROCHELLE AT NEWTON,KENG LEE ROAD
185000,9120,1974,2,4,ROSEWOOD SUITES,ROSEWOOD DRIVE
146000,2280,1978,2,3,SANDY ISLAND,SANDY ISLAND
224000,14778,1954,1,3,SERAYA 9,SERAYA LANE
129000,8724,1968,1,3,SHELFORD 23,SHELFORD ROAD
108959,12900,1969,0,0,SIGNATURE AT LEWIS,LEWIS ROAD
194000,16157,1978,1,2,SILVERSEA,MARINE PARADE ROAD
233170,9541,2009,2,3,SOPHIA RESIDENCE,SOPHIA ROAD
245350,10475,2008,2,3,SPRING @ LANGSAT,LANGSAT ROAD
173000,10852,2000,2,3,ST MICHAEL REGENCY,ST. MICHAEL'S ROAD
235000,13728,1935,2,4,THE AMERY,LORONG K TELOK KURAU
625000,35760,1995,3,4,THE ARIEL,LORONG 105 CHANGI
171000,9880,1977,1,3,THE ARTE,JALAN RAJA UDANG/JALAN DATOH
163000,9120,1958,1,3,THE BEVERLY,TOH TUCK ROAD
171900,4017,2006,2,2,THE GALE,FLORA ROAD
200500,18030,1946,3,3,THE GREENWOOD (PHASE 5),GREENWOOD AVENUE
239000,16560,1932,2,4,THE MEZZO,BALESTIER ROAD
285000,10678,1992,2,4,THE MINT RESIDENCES,JOO CHIAT TERRACE
119500,6951,1984,1,3,THE ORANGE GROVE,ORANGE GROVE ROAD
115000,3950,1926,1,3,THE ORCHARD RESIDENCES,ORCHARD BOULEVARD
154900,7681,1921,1,3,THE PEAK@BALMEG,BALMEG HILL
93000,8335,1954,1,3,THE SEAFRONT ON MEYER,MEYER ROAD
250000,11170,1990,2,4,THE VERTE,LORONG H TELOK KURAU
392500,5587,2008,2,2,THE WHARF RESIDENCE,TONG WATT ROAD
745000,15623,1996,3,4,TRESALVEO,MARYMOUNT TERRACE
120000,10800,1920,1,2,VERDURE,HOLLAND ROAD
186700,35133,1963,1,3,VIDA,PECK HAY ROAD
104900,9738,1924,1,4,VISTA RESIDENCES,JALAN DATOH
95000,10615,1900,2,3,VOLARI,BALMORAL ROAD
262000,12461,1994,2,2,WATERFRONT KEY,BEDOK RESERVOIR ROAD
195000,8935,2002,2,3,WATERFRONT WAVES,BEDOK RESERVOIR ROAD
189000,7500,1999,2,3,8 RODYK,RODYK STREET
168000,32463,1961,1,3,8@WOODLEIGH,WOODLEIGH CLOSE
174000,2645,1999,2,2,AIRSTREAM,ST MICHAEL'S ROAD
125000,9600,1925,1,3,ASCENTIA SKY,ALEXANDRA VIEW
165000,4500,1999,2,2,BELLE VUE RESIDENCES,OXLEY WALK
158000,9364,1969,1,4,BLUWATERS 2,JALAN LOYANG BESAR
176000,8029,2005,2,3,BREEZE BY THE EAST,UPPER EAST COAST ROAD
219210,14054,2006,2,4,CABANA,SUNRISE TERRACE
144000,8850,1916,1,3,CASPIAN,LAKESIDE DRIVE
178000,9100,2001,2,3,CENTRO RESIDENCES,ANG MO KIO AVE 8
148000,11235,1963,1,3,CLOVER BY THE PARK,BISHAN STREET 22
116050,9353,1970,1,3,COASTAL BREEZE RESIDENCES,LOYANG BESAR CLOSE
197900,10400,1998,2,3,CONCOURSE SKYLINE,BEACH ROAD
117000,6000,1925,1,3,CRYSTAL HEIGHTS,PASIR PANJANG HILL
213000,9750,2000,2,3,D' FRESCO,JOO CHIAT LANE
153500,10140,1975,1,3,DAKOTA RESIDENCES,DAKOTA CRESCENT
271900,14684,1990,2,3,DOMUS,IRRAWADDY ROAD
107000,8900,1966,1,2,EVERGREEN VIEW,LORONG 36 GEYLANG
200000,9135,2003,2,3,FERRELL RESIDENCES,BUKIT TIMAH ROAD
140000,7763,1962,1,3,FONTAINE PARRY,POH HUAT ROAD
290000,10182,2006,2,3,HAMILTON SCOTTS,SCOTTS ROAD
189000,11218,1992,2,3,HILLVISTA,ELIZABETH DRIVE
164000,12134,1988,2,4,ICON,GOPENG STREET
113000,9340,1941,1,2,IDYLLIC EAST,UPPER EAST COAST ROAD
145000,10246,1965,0,0,JANSEN 8,JANSEN ROAD
134500,10205,1962,1,3,JARDIN,DUNEARN ROAD
125000,7094,1966,1,3,JIA,WILKIE ROAD
112000,8930,1978,2,4,KOVAN RESIDENCES,KOVAN ROAD
229456,8640,2009,2,3,KOVANA,KOVAN ROAD
80500,6240,1947,1,2,LA DOLCE VITA,UPPER PAYA LEBAR ROAD
91500,1680,1971,1,3,LATITUDE,JALAN MUTIARA
115000,7800,1964,1,2,LEONIE PARC VIEW,LEONIE HILL ROAD
134000,8250,1968,1,3,LIVIA,PASIR RIS DRIVE 1 (PARCEL 1)
143000,10496,1949,2,3,LUMA,RIVER VALLEY GROVE
137900,10680,1951,2,4,MADISON RESIDENCES,BUKIT TIMAH ROAD
184000,15384,2004,2,3,MARTIN PLACE RESIDENCES,MARTIN PLACE
145000,10482,1958,1,3,MEADOWS @ PEIRCE,UPPER THOMSON ROAD
214000,14598,2007,2,4,MI CASA,CHOA CHU KANG AVE 3
147000,8872,1965,1,2,MIRO,LINCOLN ROAD
367294,8769,2008,1,1,NASSIM PARK RESIDENCES,NASSIM ROAD
127000,7910,1960,2,4,NATHAN RESIDENCES,NATHAN ROAD
190000,18890,1977,2,4,NEWTON ONE,NEWTON ROAD
132500,7728,1962,1,3,OASIS @ ELIAS,ELIAS ROAD
101800,9842,1962,2,2,OASIS GARDEN,JALAN BUNGA RAMPAI
142000,12160,1959,1,3,ONE DEVONSHIRE,DEVONSHIRE ROAD
130000,8525,1911,1,4,OPTIMA @ TANAH MERAH,NEW UPPER CHANGI RD / TANAH MERAH KECHIL AVE
138887,13132,1914,1,4,ORANGE GROVE RESIDENCES,ORANGE GROVE ROAD
175500,2628,2003,2,2,ORCHARD VIEW,ANGULLIA PARK
195000,12393,2004,2,4,PARADISE ISLAND,"PARADISE ISLAND, SENTOSA COVE"
142500,13072,2005,1,3,PARC IMPERIAL,PASIR PANJANG ROAD
265900,9037,2006,2,2,PARC MACKENZIE,MACKENZIE ROAD
224900,8158,2003,2,3,PARC SEABREEZE,JOO CHIAT ROAD
248328,9849,2007,2,3,PARK NATURA,BUKIT BATOK EAST AVENUE 6
170000,10625,1974,2,3,PRESTIGE HEIGHTS,BALESTIER ROAD
465000,13891,2006,2,2,REFLECTIONS AT KEPPEL BAY,KEPPEL BAY VIEW
230000,11435,1929,1,3,RESIDENCES @ KILLINEY,KILLINEY ROAD
178000,12090,1984,3,3,ROCHELLE AT NEWTON,KENG LEE ROAD
186500,8125,2005,2,3,ROSEWOOD SUITES,ROSEWOOD DRIVE
169900,12328,1976,1,3,SANDY ISLAND,SANDY ISLAND
129500,9600,1917,1,3,SCOTTS SQUARE,SCOTTS ROAD
119000,7200,1950,1,3,SHELFORD 23,SHELFORD ROAD
244000,11160,1968,2,3,SIGNATURE AT LEWIS,LEWIS ROAD
171750,3136,2003,2,2,SILVERSEA,MARINE PARADE ROAD
130000,9858,1968,1,3,SOLEIL @ SINARAN,SINARAN DRIVE
294000,17542,1974,2,3,SOPHIA RESIDENCE,SOPHIA ROAD
165400,6931,2003,2,3,ST MICHAEL REGENCY,ST. MICHAEL'S ROAD
127500,6240,1931,1,3,THE AMERY,LORONG K TELOK KURAU
301500,14303,1994,2,2,THE ARIEL,LORONG 105 CHANGI
99900,4060,1922,1,2,THE BEVERLY,TOH TUCK ROAD
190000,9587,2005,2,2,THE GALE,FLORA ROAD
151000,9750,1969,1,3,THE GREENWOOD (PHASE 5),GREENWOOD AVENUE
181000,24682,1999,2,3,THE MARQUE @ IRRAWADDY,IRRAWADDY ROAD
128900,9600,1956,1,2,THE ORANGE GROVE,ORANGE GROVE ROAD
161500,11250,1957,1,5,THE ORCHARD RESIDENCES,ORCHARD BOULEVARD
180500,13515,1919,1,3,THE PARC CONDOMINIUM,WEST COAST WALK
181000,4060,1998,2,2,THE PEAK@BALMEG,BALMEG HILL
183900,3735,1999,2,3,THE PROMONT,CAIRNHILL CIRCLE
122000,10120,1910,1,4,THE TRIZON,RIDGEWOOD CLOSE
378500,13214,2008,2,3,TREVISTA,LORONG 3 TOA PAYOH
381000,14100,1935,3,4,VERDURE,HOLLAND ROAD
144000,11344,1958,1,3,VIDA,PECK HAY ROAD
260000,23595,1979,0,0,VISTA RESIDENCES,JALAN DATOH
185750,9156,1968,2,3,VIVA,SUFFOLK WALK
137000,13526,1965,1,3,VOLARI,BALMORAL ROAD
177000,11512,1959,1,2,WATERFRONT KEY,BEDOK RESERVOIR ROAD
139000,5362,1910,2,3,WATERFRONT WAVES,BEDOK RESERVOIR ROAD
137000,11345,1948,2,4,8 RODYK,RODYK STREET
162000,12936,1972,1,3,AIRSTREAM,ST MICHAEL'S ROAD
197900,17871,1967,1,3,ALBA,CAIRNHILL RISE
237000,9473,2002,2,3,AMBER RESIDENCES,AMBER ROAD
68400,7500,1920,1,2,ASCENTIA SKY,ALEXANDRA VIEW
227000,9808,2002,2,3,BEACON HEIGHTS,MAR THOMA ROAD
180000,8049,1990,2,2,BELLE VUE RESIDENCES,OXLEY WALK
150500,8800,1977,2,3,BLISS LOFT,KIM KEAT CLOSE
139000,9400,1971,2,4,BREEZE BY THE EAST,UPPER EAST COAST ROAD
169000,9638,1919,2,4,CASA MEYA,MEYAPPA CHETTIAR ROAD
132500,6000,1939,1,4,CENTRO RESIDENCES,ANG MO KIO AVE 8
143000,9790,1963,1,3,CLOVER BY THE PARK,BISHAN STREET 25
190000,36500,1964,2,4,COASTAL BREEZE RESIDENCES,LOYANG BESAR CLOSE
278000,5664,2000,2,2,CONCOURSE SKYLINE,BEACH ROAD
281000,11065,2006,2,3,CRYSTAL HEIGHTS,PASIR PANJANG HILL
180500,14112,1964,1,3,DAKOTA RESIDENCES,DAKOTA CRESCENT
119500,1680,1972,2,3,DOMUS,IRRAWADDY ROAD
107500,6600,1892,2,4,EVERGREEN VIEW,LORONG 36 GEYLANG
162900,10140,1976,2,4,FERRELL RESIDENCES,BUKIT TIMAH ROAD
115000,8172,1955,1,2,HILLVISTA,ELIZABETH DRIVE
138500,8400,1968,1,3,HUNDRED TREES,WEST COAST DRIVE
155000,8700,1963,2,3,ICON,GOPENG STREET
140000,3675,2005,2,2,JANSEN 8,JANSEN ROAD
160000,63887,2008,2,3,JIA,WILKIE ROAD
154000,7500,1959,1,3,KOVAN RESIDENCES,KOVAN ROAD
225000,10762,1999,2,3,LA DOLCE VITA,UPPER PAYA LEBAR ROAD
177500,7500,1942,1,3,LATITUDE,JALAN MUTIARA
290000,10120,1994,2,4,LIVIA,PASIR RIS GROVE
232000,8688,2005,2,3,LUMA,RIVER VALLEY GROVE
130000,3363,2004,2,3,LUMIERE,MISTRI ROAD/PARSI ROAD
325000,13173,2006,2,2,LYNWOOD EIGHT,LYNWOOD GROVE/MACKERROW ROAD
202500,6955,2005,2,2,MADISON RESIDENCES,BUKIT TIMAH ROAD
138000,8072,1994,1,3,MARTIN PLACE RESIDENCES,MARTIN PLACE
147000,12000,1948,1,2,MEADOWS @ PEIRCE,UPPER THOMSON ROAD
179200,7153,1991,2,3,MI CASA,CHOA CHU KANG AVE 3
335000,17500,1959,2,3,MILL CREEK,LORONG MARZUKI
203000,8814,2005,2,3,MIRO,LINCOLN ROAD
302000,9572,1990,2,4,MULBERRY TREE,MOULMEIN ROAD
333168,14774,1999,2,4,NASSIM PARK RESIDENCES,NASSIM ROAD
119000,8190,1954,1,3,OASIS @ ELIAS,ELIAS ROAD
206900,11075,1969,2,4,ONE DEVONSHIRE,DEVONSHIRE ROAD
295493,10226,2008,2,3,OPTIMA @ TANAH MERAH,NEW UPPER CHANGI RD / TANAH MERAH KECHIL AVE
208900,4230,2006,2,2,PARK NATURA,BUKIT BATOK EAST AVENUE 6
275000,14781,2001,2,3,PRESTIGE HEIGHTS,BALESTIER ROAD
111000,10215,1954,1,3,REFLECTIONS AT KEPPEL BAY,KEPPEL BAY VIEW
156500,8400,1957,1,3,ROSEWOOD SUITES,ROSEWOOD DRIVE
72500,6627,1949,1,2,SANDY ISLAND,SANDY ISLAND
190000,10186,1992,2,3,SERANGOON GARDEN VIEW,JALAN HWI YOH
82500,5330,1940,1,2,SEVEN PALMS SENTOSA COVE,COVE DRIVE
147000,9986,2006,2,2,SILVERSEA,MARINE PARADE ROAD
55000,3636,1922,1,2,SKYPARK,ST THOMAS WALK
79000,4270,1931,1,3,SOPHIA RESIDENCE,SOPHIA ROAD
130500,6600,1982,1,3,THE AMERY,LORONG K TELOK KURAU
256000,10440,1920,2,5,THE BEVERLY,TOH TUCK ROAD
176500,9084,1998,2,3,THE GALE,FLORA ROAD
227000,10000,2006,2,3,THE INTERLACE,DEPOT ROAD
132500,10780,1976,1,3,THE ORANGE GROVE,ORANGE GROVE ROAD
100000,8877,1938,1,2,THE PARC CONDOMINIUM,WEST COAST WALK
125500,7200,1938,1,2,THE PEAK@BALMEG,BALMEG HILL
125000,2368,1970,1,3,THE PROMONT,CAIRNHILL CIRCLE
167900,9650,1977,2,2,THE TRIZON,RIDGEWOOD CLOSE
135000,9246,1973,2,4,THE VIEW @ MEYER,MEYER ROAD
52500,4118,1941,1,2,TRESALVEO,MARYMOUNT TERRACE
200000,13450,2002,2,3,TREVISTA,LORONG 3 TOA PAYOH
128500,9560,1972,1,3,VERDANA VILLAS,GRACE WALK
123000,8294,1971,1,3,VIDA,PECK HAY ROAD
155000,13695,2003,1,3,VISTA RESIDENCES,JALAN DATOH
228500,9375,2002,2,3,VIVA,SUFFOLK WALK
177000,7558,1928,1,3,VOLARI,BALMORAL ROAD
155835,11103,2006,2,3,WATER VILLAS,KOVAN ROAD
108500,6000,1920,1,2,WATERFRONT KEY,BEDOK RESERVOIR ROAD
262500,20781,1968,2,3,WATERFRONT WAVES,BEDOK RESERVOIR ROAD
283463,15306,2006,2,3,8 RODYK,RODYK STREET
215000,16196,1998,2,3,ALBA,CAIRNHILL RISE
122000,5250,1872,2,4,AMBER RESIDENCES,AMBER ROAD
200000,11643,1969,2,6,ASCENTIA SKY,ALEXANDRA VIEW
171000,9247,1962,1,4,BLISS LOFT,KIM KEAT CLOSE
134900,6000,1937,1,2,BOULEVARD VUE,CUSCADEN WALK
410000,14720,1995,2,4,BREEZE BY THE EAST,UPPER EAST COAST ROAD
235000,10316,2000,2,3,CENTRO RESIDENCES,ANG MO KIO AVE 8
170000,10192,1968,3,4,CHATEAU LA SALLE,LA SALLE STREET
110000,9477,1966,1,3,CITY LOFT,RACE COURSE ROAD
149900,12537,1971,1,3,CLOVER BY THE PARK,BISHAN STREET 25
177500,2117,2000,2,3,COASTAL BREEZE RESIDENCES,LOYANG BESAR CLOSE
315000,16737,2004,2,3,CONCOURSE SKYLINE,BEACH ROAD
189000,9842,1921,3,4,CYAN,BUKIT TIMAH ROAD/KENG CHIN ROAD
260000,16158,2005,2,3,D' FRESCO,JOO CHIAT LANE
